,age,job,marital,education,balance,housing,duration,campaign,approval
0,30.0,10,1,1,1787,1,79.0,1,1
1,33.0,7,1,2,4789,2,220.0,1,1
2,35.0,4,2,3,1350,2,185.0,1,1
3,30.0,4,1,3,1476,2,199.0,4,1
4,59.0,1,1,2,0,2,226.0,1,1
5,35.0,4,2,3,747,1,141.0,2,1
6,36.0,6,1,3,307,2,341.0,1,1
7,39.0,9,1,2,147,2,151.0,2,1
8,41.0,2,1,3,221,2,57.0,2,1
9,43.0,7,1,1,-88,2,313.0,1,1
10,39.0,7,1,2,9374,2,273.0,1,1
11,43.0,0,1,2,264,2,113.0,2,1
12,36.0,9,1,3,1109,1,-328.0,2,1
13,20.0,8,2,2,502,1,261.0,1,2
14,31.0,1,1,2,360,2,89.0,1,1
15,40.0,4,1,3,194,1,189.0,2,1
16,56.0,9,1,2,4073,1,239.0,5,1
17,37.0,0,2,3,2317,2,114.0,1,1
19,31.0,7,1,2,132,1,148.0,1,1
20,38.0,4,3,4,0,2,-96.0,2,1
21,42.0,4,3,3,16,1,140.0,3,1
22,44.0,7,2,2,106,1,109.0,2,1
23,44.0,2,1,2,93,1,125.0,2,1
24,26.0,3,1,3,543,1,169.0,3,1
25,41.0,4,1,3,5883,1,182.0,2,1
26,55.0,1,1,1,627,2,247.0,1,1
27,67.0,5,1,4,696,1,119.0,1,1
28,56.0,6,1,2,784,1,149.0,2,1
29,53.0,0,1,2,105,1,74.0,2,1
30,68.0,5,3,2,4189,1,897.0,2,2
31,31.0,9,1,2,171,1,81.0,3,1
32,59.0,4,1,2,42,1,40.0,1,1
33,32.0,4,2,3,2536,2,958.0,6,2
34,49.0,9,1,3,1235,1,354.0,3,2
35,42.0,0,3,2,1811,2,150.0,1,1
36,78.0,5,3,1,229,1,97.0,1,2
37,32.0,1,1,2,2089,2,132.0,1,2
38,0.0,4,1,2,3935,2,765.0,1,2
39,23.0,7,2,3,363,2,16.0,18,1
40,38.0,4,2,3,11971,2,609.0,2,1
41,36.0,4,2,3,553,1,106.0,2,1
42,52.0,1,1,2,1117,2,365.0,1,1
43,32.0,9,1,3,396,2,205.0,3,1
44,32.0,9,2,3,2204,2,11.0,4,1
45,34.0,4,2,3,872,2,105.0,2,1
46,55.0,1,1,1,145,1,59.0,3,1
47,26.0,1,1,1,0,2,425.0,1,1
48,32.0,2,2,1,-849,2,204.0,1,1
50,45.0,1,3,1,844,1,1018.0,3,2
51,37.0,9,2,2,228,2,1740.0,2,1
52,38.0,9,2,2,50,1,98.0,2,1
53,34.0,9,1,3,1539,2,441.0,1,2
54,53.0,1,1,2,2231,2,272.0,3,1
55,48.0,0,1,2,3064,2,159.0,2,1
56,57.0,4,1,2,82,1,140.0,1,1
57,33.0,6,2,3,2155,1,295.0,1,1
58,36.0,5,2,2,101,2,314.0,1,1
60,41.0,1,1,1,-516,1,554.0,3,1
61,63.0,5,1,2,415,2,323.0,1,1
62,48.0,4,1,3,5887,1,227.0,2,1
63,48.0,7,1,2,1355,1,134.0,2,1
64,56.0,0,1,2,16873,1,223.0,1,1
65,51.0,1,3,2,203,2,134.0,1,1
66,31.0,7,1,2,338,2,155.0,1,1
67,29.0,9,1,2,444,2,130.0,4,1
68,41.0,4,1,2,0,1,630.0,3,1
69,32.0,9,2,3,360,1,164.0,2,1
70,37.0,4,1,3,0,1,268.0,2,2
71,42.0,2,3,3,2,2,380.0,1,1
72,31.0,4,2,3,6248,2,154.0,2,1
73,41.0,7,1,3,412,2,154.0,5,1
74,56.0,5,1,2,344,2,221.0,1,1
75,54.0,4,3,3,3222,1,67.0,2,1
76,41.0,1,3,2,174,2,367.0,2,1
77,40.0,9,2,2,591,1,87.0,6,1
78,50.0,1,3,1,388,1,701.0,1,1
79,40.0,10,1,2,219,2,204.0,2,1
80,27.0,0,3,2,451,2,652.0,1,2
81,60.0,5,1,1,5,1,63.0,2,1
82,28.0,0,2,2,177,2,150.0,1,1
83,52.0,7,1,2,657,1,398.0,2,2
84,37.0,4,1,3,1315,1,224.0,1,2
85,51.0,1,1,1,1466,2,406.0,2,1
86,41.0,9,2,2,879,1,60.0,4,1
87,35.0,1,2,1,293,2,521.0,2,1
88,38.0,0,1,2,424,2,279.0,1,1
89,34.0,1,1,2,1831,2,203.0,2,1
90,39.0,1,1,1,111,1,201.0,2,1
92,27.0,7,2,2,-195,2,391.0,1,2
93,32.0,4,2,3,3616,1,165.0,2,1
94,57.0,1,1,2,14093,1,231.0,5,1
95,41.0,11,2,3,1567,1,291.0,2,1
96,41.0,0,1,3,5426,2,149.0,2,1
97,30.0,0,2,3,261,1,233.0,1,1
98,36.0,1,3,2,2843,1,473.0,1,1
99,31.0,10,2,1,406,1,736.0,1,2
100,36.0,1,1,2,0,2,337.0,1,1
101,38.0,4,2,3,493,2,553.0,1,1
102,49.0,9,1,2,5996,1,345.0,2,1
103,57.0,7,2,1,3777,2,65.0,2,1
104,34.0,4,2,2,524,1,9.0,1,1
105,32.0,4,2,3,574,2,259.0,2,1
106,37.0,1,1,2,427,2,371.0,3,1
107,33.0,6,1,3,483,2,280.0,2,1
108,56.0,10,1,1,3391,1,243.0,1,2
109,27.0,3,1,1,0,2,435.0,3,1
110,21.0,8,2,2,2488,1,258.0,6,2
111,58.0,4,1,3,1517,2,7.0,5,1
112,32.0,6,1,2,217,2,317.0,5,1
113,33.0,1,2,2,22,1,76.0,2,1
114,25.0,8,2,2,331,1,170.0,4,2
115,25.0,9,2,2,505,1,386.0,2,2
116,30.0,7,1,2,1808,2,83.0,2,1
117,22.0,0,2,2,4111,1,65.0,1,1
118,39.0,1,1,1,52,1,69.0,1,1
119,46.0,4,3,3,25,1,564.0,2,1
120,31.0,0,3,2,1890,2,588.0,1,1
121,45.0,1,1,1,419,1,113.0,4,1
122,32.0,9,1,2,2693,2,16.0,1,1
123,36.0,1,1,2,-231,1,779.0,2,1
124,51.0,4,2,3,-55,2,281.0,2,1
125,34.0,6,2,3,462,1,1877.0,3,2
126,24.0,10,2,2,119,1,51.0,1,1
127,45.0,9,2,2,586,1,32.0,3,1
128,32.0,1,2,2,228,1,176.0,1,1
129,77.0,5,3,3,4659,1,161.0,1,2
130,41.0,1,1,1,168,2,187.0,3,1
131,37.0,1,1,1,0,2,24.0,1,1
132,43.0,1,1,4,-715,2,67.0,3,1
133,48.0,0,1,4,0,2,85.0,1,1
134,27.0,9,2,2,769,2,317.0,2,1
135,33.0,4,2,3,0,1,-98.0,10,1
136,29.0,0,2,2,428,2,54.0,1,1
137,34.0,4,2,3,0,1,71.0,1,1
138,52.0,4,1,3,-970,2,489.0,1,2
139,60.0,4,1,4,6313,1,39.0,2,1
140,32.0,4,3,3,948,1,204.0,2,1
141,32.0,4,2,3,0,2,455.0,2,1
142,56.0,7,3,4,1877,2,86.0,1,1
143,31.0,4,2,3,874,2,190.0,2,1
144,42.0,0,1,2,323,2,280.0,2,1
145,35.0,4,1,3,106,1,588.0,2,1
146,56.0,5,1,1,1906,1,45.0,9,1
147,48.0,9,1,2,1152,2,168.0,5,1
148,46.0,0,1,2,179,2,194.0,4,1
149,37.0,9,2,4,391,2,103.0,3,1
150,41.0,2,1,4,89,2,333.0,2,1
151,36.0,4,2,3,442,2,102.0,3,1
152,45.0,10,3,1,-249,2,92.0,1,1
153,55.0,2,1,2,8104,1,213.0,2,1
154,39.0,9,1,2,501,1,289.0,1,1
155,35.0,9,3,2,308,1,77.0,2,1
156,55.0,0,1,2,602,1,324.0,3,2
157,55.0,9,1,2,273,2,84.0,3,1
158,27.0,6,2,2,50,1,168.0,1,1
159,34.0,9,1,2,1641,2,380.0,1,1
160,34.0,1,1,3,20,1,10.0,1,1
161,25.0,0,2,2,4590,2,199.0,2,1
162,41.0,0,2,2,-256,1,-35.0,3,1
163,43.0,7,1,2,978,2,82.0,2,1
164,28.0,4,2,3,80,1,676.0,2,2
165,31.0,0,2,2,2104,2,455.0,1,1
166,78.0,3,1,2,499,1,80.0,4,1
167,45.0,1,3,2,1269,2,549.0,2,1
168,48.0,9,1,3,310,1,135.0,1,1
169,32.0,1,2,2,1143,2,412.0,1,1
170,42.0,9,1,2,2980,1,101.0,3,1
171,37.0,4,2,3,37,1,253.0,2,1
172,40.0,0,2,2,462,2,272.0,1,1
173,32.0,0,1,2,1031,2,84.0,1,1
174,42.0,4,1,3,9009,1,135.0,2,1
175,43.0,0,1,2,-465,2,166.0,1,1
176,44.0,0,1,2,5181,2,18.0,7,1
177,37.0,0,1,2,176,2,147.0,2,1
178,37.0,11,1,4,1699,1,63.0,1,1
179,37.0,0,1,3,0,2,65.0,2,1
180,28.0,9,2,3,172,2,194.0,2,1
181,32.0,7,2,2,0,1,333.0,2,1
182,34.0,0,2,2,6979,2,14.0,5,1
183,40.0,0,3,2,6,1,140.0,1,1
184,34.0,7,1,2,-62,2,109.0,3,1
185,34.0,6,1,3,1972,2,61.0,2,1
186,34.0,0,1,3,899,2,377.0,3,1
187,37.0,7,2,2,21,2,96.0,1,1
188,36.0,9,1,2,23,2,152.0,2,1
189,56.0,5,1,2,-1206,2,382.0,2,2
190,49.0,1,1,1,0,2,97.0,6,1
191,33.0,6,1,2,215,2,543.0,12,1
192,30.0,4,2,3,1372,1,240.0,2,1
193,36.0,7,1,2,1981,1,48.0,2,1
194,23.0,8,2,2,9216,1,471.0,2,1
195,57.0,5,3,2,39,2,354.0,3,1
196,27.0,1,2,2,5563,2,435.0,2,1
197,38.0,7,1,2,1,1,152.0,2,1
198,42.0,9,1,3,782,1,285.0,1,1
199,75.0,5,1,2,3771,1,185.0,1,2
200,34.0,9,2,3,992,2,301.0,1,1
201,48.0,9,1,2,1526,1,273.0,2,1
202,35.0,9,2,3,2658,2,768.0,2,2
203,39.0,4,3,3,1315,2,1337.0,4,1
204,29.0,1,2,3,455,1,403.0,1,2
205,45.0,9,2,3,0,2,139.0,2,1
206,42.0,9,1,2,2030,2,196.0,1,1
207,29.0,9,1,2,1599,2,115.0,1,1
208,38.0,7,2,2,-196,2,60.0,1,1
209,56.0,5,1,2,1333,1,17.0,14,1
210,36.0,9,2,2,9149,2,141.0,3,1
211,25.0,1,2,2,-350,2,95.0,3,1
212,38.0,9,1,3,432,2,10.0,2,1
213,57.0,6,1,2,11494,1,198.0,1,1
214,31.0,4,1,3,-253,1,220.0,4,1
215,42.0,4,1,3,372,2,654.0,2,2
216,45.0,9,1,2,1410,1,71.0,2,1
217,30.0,1,1,2,975,2,256.0,2,1
218,49.0,1,1,1,305,2,834.0,10,1
219,49.0,7,1,2,400,1,151.0,3,1
220,53.0,5,1,3,-22,2,20.0,3,1
221,37.0,9,1,2,4030,2,178.0,5,1
222,49.0,1,1,1,365,1,59.0,2,1
223,41.0,6,1,1,204,1,111.0,7,1
224,54.0,4,1,1,1691,2,186.0,1,1
225,32.0,7,2,2,406,2,227.0,1,1
226,33.0,9,1,2,-204,1,297.0,3,1
227,33.0,9,1,2,359,2,210.0,1,1
228,36.0,1,1,1,123,2,9.0,1,1
229,35.0,9,1,3,0,2,112.0,1,1
230,52.0,11,1,2,142,1,112.0,6,1
231,40.0,2,1,3,3571,1,222.0,3,1
232,44.0,9,2,2,33,2,195.0,3,1
233,45.0,1,2,2,0,2,768.0,2,1
234,30.0,8,2,2,3096,1,123.0,1,1
235,48.0,9,3,2,20,1,145.0,3,1
236,33.0,1,1,2,3576,2,124.0,1,1
237,57.0,9,1,4,206,2,216.0,3,1
238,57.0,3,1,1,7082,1,69.0,3,1
239,51.0,10,1,3,1634,2,168.0,4,1
240,34.0,0,2,2,1,2,483.0,7,1
241,50.0,6,1,3,4012,1,690.0,3,1
242,44.0,4,1,3,3762,1,125.0,12,1
243,27.0,0,1,2,-247,2,344.0,2,1
244,50.0,1,1,2,606,2,673.0,2,1
245,36.0,4,1,3,0,2,60.0,1,1
246,42.0,4,1,2,-189,2,247.0,2,1
247,32.0,10,2,2,0,1,123.0,2,1
248,42.0,4,1,3,484,2,144.0,2,1
249,43.0,9,1,2,0,1,9.0,2,1
250,31.0,4,1,3,395,2,155.0,3,1
251,32.0,4,1,3,2349,1,134.0,5,1
252,55.0,1,3,1,410,1,221.0,2,1
253,58.0,5,1,1,3401,2,84.0,3,1
254,46.0,1,1,1,222,1,71.0,2,1
255,55.0,1,1,2,989,2,246.0,4,1
256,34.0,4,1,3,415,1,361.0,2,1
257,28.0,10,2,2,16,1,119.0,4,1
258,42.0,9,3,3,7190,2,375.0,2,1
259,29.0,1,2,2,482,1,1097.0,3,2
260,54.0,3,1,2,209,2,97.0,1,1
261,32.0,9,2,2,0,1,181.0,2,1
262,39.0,9,2,3,5803,1,83.0,3,1
263,53.0,2,1,3,624,1,180.0,4,1
264,58.0,9,1,3,883,1,543.0,1,1
265,40.0,6,1,2,1516,2,373.0,1,1
266,29.0,8,2,2,872,2,230.0,1,1
267,33.0,9,1,3,-988,2,83.0,3,1
268,38.0,0,2,2,902,2,58.0,13,1
269,56.0,7,3,2,1007,1,88.0,6,1
270,40.0,7,1,2,0,2,297.0,1,1
271,24.0,1,2,2,174,2,487.0,1,2
272,46.0,4,1,2,12186,1,29.0,3,1
273,35.0,6,1,2,524,2,484.0,4,1
274,35.0,1,2,3,0,2,262.0,4,1
275,34.0,9,1,2,4,2,644.0,1,1
276,35.0,3,1,3,11219,1,699.0,2,1
277,38.0,9,2,3,0,1,247.0,2,1
278,50.0,1,1,1,5776,1,49.0,3,1
279,51.0,1,3,1,37,2,341.0,1,1
280,59.0,6,1,3,593,1,64.0,2,1
281,32.0,1,1,2,1148,2,121.0,1,1
282,37.0,1,2,2,3561,2,98.0,1,1
283,42.0,0,3,2,63,1,88.0,6,1
284,40.0,8,1,2,260,1,197.0,6,1
285,28.0,9,2,3,2269,2,331.0,1,1
286,47.0,0,1,2,1060,2,83.0,3,1
287,27.0,6,1,2,-220,2,138.0,2,1
288,41.0,4,1,3,49,2,312.0,5,1
289,34.0,0,1,3,69,1,120.0,3,2
290,50.0,1,1,1,4108,2,526.0,2,2
291,47.0,1,1,2,480,2,211.0,2,1
292,53.0,7,1,2,4994,1,62.0,6,1
293,53.0,9,3,2,0,2,135.0,5,1
294,47.0,4,1,3,3681,1,101.0,2,1
295,49.0,2,3,4,-701,2,988.0,2,2
296,29.0,4,1,3,451,1,451.0,1,1
297,45.0,1,3,1,-311,2,1030.0,1,2
298,38.0,2,1,2,593,2,1484.0,24,2
299,32.0,1,1,2,759,2,317.0,5,2
300,70.0,5,3,1,4531,1,445.0,1,1
301,65.0,5,3,1,1840,1,383.0,2,1
302,56.0,1,1,2,345,2,605.0,1,1
303,35.0,1,1,2,1287,2,330.0,2,1
304,56.0,4,1,4,353,1,171.0,2,1
305,56.0,9,1,2,205,1,442.0,2,1
306,49.0,2,1,2,687,2,772.0,1,2
307,38.0,10,1,1,1147,2,249.0,5,1
308,35.0,4,1,3,4286,2,357.0,1,1
309,38.0,0,1,3,605,1,147.0,2,1
310,49.0,1,1,2,8545,2,199.0,7,1
311,55.0,4,1,4,559,1,271.0,2,1
312,43.0,1,2,1,2,2,783.0,3,1
313,43.0,4,1,3,2,1,472.0,2,1
314,25.0,0,2,3,760,2,223.0,3,2
315,30.0,1,1,1,1317,2,395.0,2,1
316,46.0,1,1,2,182,1,56.0,1,1
317,50.0,0,1,1,276,1,641.0,6,1
318,35.0,2,1,2,2971,1,429.0,4,2
319,26.0,10,2,2,1064,1,113.0,1,1
320,45.0,0,1,4,1783,1,11.0,11,1
321,37.0,1,1,2,-67,1,157.0,1,1
322,60.0,6,2,3,179,1,79.0,4,1
323,38.0,4,1,3,1199,1,178.0,1,2
324,47.0,1,1,1,214,2,168.0,1,1
325,33.0,9,1,2,6699,1,425.0,1,1
326,51.0,10,1,2,1760,1,162.0,1,1
327,35.0,2,2,3,145,2,-799.0,2,2
328,35.0,10,1,2,978,1,1370.0,3,2
329,48.0,0,2,2,1150,2,357.0,1,1
330,37.0,0,1,2,121,1,22.0,6,1
331,29.0,9,2,3,828,2,215.0,3,1
332,34.0,0,1,2,244,2,56.0,4,1
333,32.0,7,1,1,228,2,1017.0,6,2
334,30.0,4,2,3,424,1,298.0,4,2
335,47.0,4,3,3,447,1,126.0,1,1
336,33.0,1,1,1,-195,1,9.0,1,1
337,33.0,4,2,3,1410,2,8.0,1,1
338,63.0,5,1,1,1084,1,201.0,1,1
339,51.0,6,3,1,10924,1,106.0,2,1
340,41.0,4,1,3,832,2,164.0,1,1
341,56.0,5,1,3,478,1,97.0,1,1
342,60.0,4,2,3,0,1,151.0,1,1
343,41.0,6,2,3,3950,2,96.0,2,1
344,37.0,4,2,4,504,2,555.0,1,1
345,36.0,1,2,2,219,2,270.0,2,1
346,57.0,4,1,3,1602,1,339.0,3,1
347,55.0,4,1,1,2587,1,328.0,2,2
348,44.0,0,1,2,0,2,159.0,1,1
349,47.0,6,1,3,2303,2,323.0,2,1
350,31.0,1,1,2,1660,2,342.0,1,1
351,35.0,4,1,3,32,2,180.0,1,1
352,39.0,4,1,3,278,1,60.0,3,1
353,50.0,4,1,3,4,1,223.0,1,1
354,29.0,4,1,3,318,2,1434.0,2,1
355,30.0,7,2,2,209,2,30.0,2,1
356,46.0,7,1,2,271,2,134.0,4,1
357,27.0,4,2,4,3196,1,10.0,2,1
358,48.0,0,3,2,4099,1,397.0,2,2
359,26.0,8,2,2,2572,2,620.0,1,1
360,36.0,4,2,3,339,1,6.0,6,1
361,42.0,1,1,1,0,2,209.0,2,1
362,50.0,3,1,1,395,2,419.0,2,1
363,49.0,1,1,2,2039,2,283.0,2,1
364,45.0,4,1,3,5450,1,188.0,2,1
365,23.0,8,2,2,780,1,267.0,1,1
366,38.0,9,2,2,0,2,196.0,2,1
367,32.0,4,2,3,8436,2,245.0,1,1
368,60.0,9,2,1,11262,1,323.0,1,2
369,30.0,2,1,2,946,2,1065.0,1,1
370,58.0,3,1,3,497,1,138.0,5,1
371,60.0,5,1,1,55,1,207.0,1,1
372,38.0,7,1,2,-140,1,456.0,3,1
373,51.0,9,1,2,-379,2,261.0,1,1
374,42.0,0,1,2,-396,2,80.0,1,1
375,30.0,7,2,2,0,2,131.0,6,1
376,40.0,4,1,1,733,2,94.0,7,1
377,37.0,4,1,3,393,2,567.0,3,2
378,53.0,9,3,1,7290,2,153.0,1,1
379,27.0,7,2,2,468,2,109.0,1,1
380,39.0,1,1,2,0,2,53.0,1,1
381,39.0,1,1,1,3705,2,77.0,1,1
382,59.0,5,1,3,9676,1,234.0,2,2
383,37.0,7,1,2,1328,2,121.0,2,1
384,41.0,1,1,1,8,2,155.0,2,1
385,45.0,1,1,1,61,1,108.0,1,1
386,48.0,4,1,3,6613,1,159.0,3,1
387,48.0,9,1,2,302,2,208.0,3,1
388,32.0,1,1,2,1005,1,215.0,1,1
389,35.0,7,1,2,109,2,597.0,3,1
390,33.0,4,2,3,1240,2,505.0,2,1
391,28.0,1,2,1,0,2,380.0,4,1
392,64.0,5,1,4,2923,1,120.0,1,1
393,35.0,9,1,2,0,1,106.0,4,1
394,33.0,1,1,2,43,2,332.0,2,1
395,41.0,9,1,2,288,2,221.0,4,1
396,34.0,0,1,2,613,2,80.0,1,1
397,37.0,9,2,3,6101,1,60.0,5,1
398,38.0,1,1,1,168,2,212.0,3,1
399,39.0,1,1,1,7685,2,493.0,3,1
400,35.0,9,3,3,4515,2,98.0,2,1
401,28.0,1,2,2,517,1,681.0,1,2
402,27.0,1,2,2,148,1,203.0,1,1
403,48.0,5,1,1,-285,1,157.0,1,1
404,50.0,1,1,2,887,1,287.0,1,1
405,45.0,6,1,2,3098,2,159.0,2,1
406,41.0,9,1,3,744,2,125.0,1,1
407,39.0,9,1,2,130,1,202.0,2,1
408,44.0,4,1,2,438,2,37.0,3,1
409,54.0,0,1,2,0,1,161.0,1,2
410,49.0,4,1,3,322,1,72.0,4,1
411,34.0,1,2,2,186,1,342.0,1,1
412,75.0,5,3,3,3810,2,262.0,1,2
413,42.0,4,1,3,0,1,325.0,2,1
414,53.0,1,1,2,4380,1,223.0,7,1
415,49.0,4,3,3,755,1,1212.0,4,2
416,31.0,7,2,2,2070,1,319.0,2,1
417,45.0,1,2,1,999,1,182.0,2,1
418,39.0,6,1,2,167,2,330.0,1,1
419,46.0,9,1,2,1322,2,514.0,1,1
420,42.0,0,3,2,1076,2,213.0,1,1
421,37.0,4,1,3,502,2,551.0,1,1
422,26.0,9,2,3,1216,2,472.0,2,1
423,37.0,4,2,3,876,2,140.0,4,1
424,36.0,7,2,2,342,2,142.0,1,1
425,29.0,1,2,1,950,2,135.0,3,1
426,36.0,1,1,1,973,2,293.0,1,1
427,26.0,9,1,3,3825,2,107.0,1,1
428,32.0,1,1,2,2366,2,127.0,2,1
429,40.0,4,1,3,542,2,1816.0,1,1
430,53.0,4,1,1,995,1,200.0,3,1
431,29.0,4,1,3,20,2,418.0,1,1
432,34.0,9,2,3,228,2,387.0,4,1
433,43.0,1,1,2,130,1,156.0,1,1
434,56.0,4,1,3,217,1,121.0,2,1
435,55.0,2,3,3,0,1,108.0,2,1
436,31.0,6,1,3,259,2,47.0,1,1
437,27.0,0,2,2,619,2,16.0,5,1
438,36.0,4,1,2,644,2,54.0,2,1
439,44.0,4,1,3,22,2,265.0,2,1
440,37.0,0,3,3,4303,2,168.0,1,1
441,30.0,0,2,2,239,2,115.0,3,1
442,42.0,9,2,2,275,1,31.0,8,1
443,30.0,4,1,3,1221,2,279.0,4,2
444,62.0,5,1,2,816,1,28.0,2,1
445,24.0,1,1,2,1222,2,369.0,1,1
446,31.0,9,1,2,2363,2,247.0,1,1
447,66.0,5,1,3,2262,1,155.0,1,1
448,47.0,0,1,2,2,1,89.0,1,1
449,39.0,2,1,3,2,2,180.0,1,1
450,35.0,9,1,2,4508,2,854.0,1,2
451,35.0,0,3,2,-402,2,46.0,1,1
452,27.0,9,1,2,1577,2,266.0,2,1
453,32.0,1,1,2,34,2,321.0,2,1
454,44.0,4,1,3,795,1,99.0,24,1
455,42.0,1,1,2,117,2,147.0,1,1
457,25.0,7,2,2,402,1,264.0,1,1
458,40.0,9,2,2,641,1,156.0,6,1
459,43.0,4,3,3,36,1,118.0,1,1
460,55.0,10,1,3,383,1,343.0,3,1
461,50.0,1,1,2,283,2,226.0,3,1
462,45.0,4,3,3,0,1,5.0,1,1
463,35.0,1,3,2,3102,2,138.0,1,1
464,32.0,1,1,2,889,2,185.0,1,2
465,59.0,3,1,2,0,1,722.0,1,1
466,34.0,6,1,2,-370,2,748.0,1,1
467,39.0,4,1,3,-606,2,142.0,1,1
468,40.0,4,2,2,10378,2,523.0,3,1
469,36.0,1,2,1,1313,2,8.0,10,1
470,40.0,4,1,3,8969,2,153.0,1,1
471,55.0,6,1,2,-196,2,210.0,2,1
472,38.0,2,1,2,15,2,121.0,1,1
473,61.0,0,1,2,4608,1,212.0,1,2
474,41.0,4,1,3,666,2,253.0,3,1
475,57.0,1,1,1,452,2,139.0,4,1
476,48.0,1,1,2,149,2,71.0,1,1
477,77.0,5,1,3,7802,1,421.0,1,2
478,35.0,7,1,2,1453,2,199.0,1,1
479,54.0,1,1,2,1480,2,108.0,1,1
480,37.0,4,2,4,715,2,247.0,2,1
481,56.0,4,2,2,237,2,236.0,4,1
482,40.0,9,1,2,694,2,97.0,4,1
483,40.0,4,1,3,0,1,109.0,8,1
484,54.0,4,1,3,55,2,112.0,2,1
485,55.0,3,1,1,136,2,15.0,10,1
486,55.0,7,3,2,-404,2,502.0,3,1
487,52.0,1,1,1,779,2,30.0,3,1
488,55.0,1,2,1,1187,2,193.0,2,1
489,33.0,4,1,3,641,2,347.0,2,1
490,52.0,1,1,4,826,2,468.0,2,1
491,33.0,7,3,2,991,2,148.0,1,1
492,53.0,0,1,2,1796,1,295.0,1,2
493,46.0,0,1,2,22,1,388.0,6,2
494,44.0,9,2,2,244,2,1735.0,4,2
495,48.0,4,3,3,1328,2,339.0,1,1
496,50.0,3,1,2,7317,2,172.0,1,1
497,34.0,9,2,2,4943,2,117.0,2,1
498,38.0,9,2,2,258,1,587.0,2,1
499,42.0,4,2,3,515,2,501.0,2,1
500,32.0,4,2,3,12607,1,203.0,5,1
501,58.0,0,1,2,2,2,282.0,9,1
502,31.0,4,1,3,13,1,110.0,5,1
503,19.0,8,2,1,103,1,104.0,2,2
504,41.0,4,1,3,3872,1,231.0,1,1
505,31.0,10,1,2,296,2,378.0,3,1
506,52.0,6,2,1,217,1,193.0,6,1
507,42.0,6,3,3,360,2,110.0,5,1
508,41.0,1,2,2,428,2,92.0,1,1
509,30.0,1,2,2,315,1,1407.0,1,2
510,38.0,1,1,2,121,2,168.0,1,1
511,32.0,4,1,3,820,2,738.0,3,1
512,52.0,9,1,2,195,2,220.0,1,2
513,48.0,4,3,3,108,2,89.0,2,1
514,36.0,4,1,3,-381,2,30.0,29,1
515,45.0,10,3,1,757,1,103.0,1,1
516,34.0,9,1,3,691,2,70.0,1,1
517,36.0,1,1,1,1925,2,904.0,2,2
518,34.0,4,1,3,902,2,159.0,1,1
519,61.0,5,1,2,5207,1,336.0,1,1
520,54.0,7,1,2,0,1,220.0,1,1
521,50.0,2,1,2,665,1,238.0,1,1
522,43.0,0,3,2,738,2,585.0,4,1
523,47.0,1,1,1,233,1,293.0,3,1
524,45.0,7,1,2,-839,2,68.0,1,1
525,57.0,5,1,1,5799,1,97.0,1,1
526,27.0,0,1,2,1033,2,1713.0,1,1
527,49.0,10,3,2,66,1,218.0,3,1
528,43.0,7,1,1,2567,2,109.0,1,1
529,40.0,4,1,3,1584,2,661.0,1,1
530,32.0,7,2,2,182,2,145.0,1,1
531,58.0,4,1,1,76,2,54.0,4,1
532,34.0,0,2,2,663,2,111.0,1,1
533,46.0,9,3,2,3455,2,566.0,2,1
534,29.0,1,1,2,15,1,136.0,1,1
535,52.0,1,1,1,1054,1,273.0,1,1
536,45.0,4,1,3,1529,1,160.0,1,1
537,26.0,4,2,2,63,1,76.0,4,1
538,40.0,9,1,3,0,1,44.0,1,1
539,41.0,0,1,2,920,2,239.0,1,1
540,47.0,0,2,2,3696,1,250.0,2,2
541,27.0,9,2,4,59,1,792.0,4,1
542,27.0,7,1,2,0,2,198.0,13,1
543,48.0,1,1,2,157,2,73.0,1,1
544,49.0,0,1,2,2465,1,157.0,3,1
545,35.0,1,1,1,0,2,90.0,6,1
546,47.0,6,1,2,2,1,236.0,2,1
547,54.0,4,1,3,0,1,118.0,5,1
548,39.0,4,2,3,12437,1,40.0,1,1
549,28.0,8,2,2,378,2,346.0,1,1
550,54.0,1,1,1,211,1,200.0,2,1
551,34.0,9,1,2,-228,2,187.0,3,1
552,63.0,5,1,2,2747,1,113.0,1,1
553,42.0,6,1,3,1932,2,192.0,32,1
554,43.0,9,2,2,11269,1,92.0,1,1
555,37.0,0,1,2,1314,2,682.0,2,1
556,55.0,1,1,1,2275,1,139.0,9,1
557,43.0,4,2,3,1304,1,501.0,2,2
558,41.0,1,1,2,720,1,651.0,1,2
559,47.0,9,3,2,2914,2,405.0,13,1
560,34.0,9,1,2,1464,2,350.0,1,1
561,28.0,8,2,2,11555,1,125.0,2,1
562,36.0,7,1,2,-302,2,36.0,2,1
563,50.0,9,1,2,2497,2,35.0,1,1
564,35.0,1,1,2,-339,2,389.0,2,1
565,40.0,9,1,2,56,2,194.0,1,1
566,26.0,6,2,3,211,1,168.0,3,1
567,36.0,4,3,3,3611,2,347.0,3,1
568,59.0,10,1,1,0,1,3025.0,2,1
569,28.0,8,2,2,459,1,83.0,13,1
570,46.0,2,1,4,242,2,332.0,2,1
571,50.0,6,1,2,1138,1,219.0,10,1
572,53.0,4,1,3,1319,2,427.0,1,1
573,81.0,5,1,2,1,1,65.0,5,1
574,35.0,7,3,2,67,2,192.0,2,1
575,58.0,5,1,4,937,1,155.0,1,1
576,44.0,7,1,2,0,2,161.0,1,1
577,38.0,4,1,3,-558,2,533.0,1,1
578,49.0,1,1,2,171,1,19.0,3,1
579,33.0,9,2,3,696,1,193.0,1,1
580,29.0,4,1,3,361,2,819.0,3,1
581,28.0,9,2,2,227,1,278.0,1,2
582,31.0,0,1,2,236,2,211.0,3,1
583,33.0,4,2,3,-53,1,617.0,2,1
584,52.0,9,1,2,192,2,61.0,2,1
585,43.0,4,3,3,38,2,197.0,6,1
586,32.0,6,2,2,518,2,34.0,7,1
587,36.0,6,1,3,16,2,95.0,4,1
588,41.0,1,1,2,-256,2,147.0,2,1
589,43.0,1,1,2,105,1,668.0,2,1
590,45.0,6,1,3,334,1,87.0,2,1
591,39.0,9,1,2,1048,1,405.0,1,1
592,41.0,7,1,2,108,2,83.0,7,1
593,31.0,9,1,2,660,1,115.0,1,1
594,37.0,10,2,3,0,2,108.0,1,1
595,28.0,2,1,4,1034,1,113.0,1,1
596,47.0,3,1,1,201,2,58.0,2,1
597,37.0,3,1,1,189,1,148.0,4,1
598,60.0,5,3,4,-49,2,188.0,1,1
599,43.0,9,3,2,1413,2,75.0,3,1
600,58.0,5,3,3,264,2,523.0,3,1
601,52.0,2,1,3,54,2,103.0,1,1
602,50.0,1,1,1,12519,2,146.0,2,1
603,32.0,7,2,2,2881,1,356.0,1,2
604,42.0,1,1,1,0,2,71.0,1,1
605,31.0,0,1,2,88,2,189.0,2,1
606,28.0,1,1,2,1020,2,251.0,1,1
607,36.0,9,3,3,119,1,127.0,8,1
608,51.0,10,2,3,1594,1,197.0,1,1
609,46.0,9,1,3,342,2,84.0,1,1
610,50.0,7,2,2,72,1,141.0,2,1
611,32.0,1,1,2,14,2,171.0,1,1
612,26.0,2,2,3,81,1,262.0,3,1
613,41.0,6,1,3,231,1,352.0,2,2
614,39.0,9,1,3,1161,2,236.0,1,1
615,31.0,1,1,2,-45,2,184.0,1,1
616,28.0,4,2,3,231,2,568.0,2,1
617,31.0,4,2,2,36,1,105.0,2,1
618,30.0,9,1,3,1570,2,260.0,1,1
619,35.0,9,1,3,7050,1,222.0,3,2
620,33.0,1,1,1,3704,2,447.0,2,1
621,30.0,9,2,3,6619,2,239.0,8,1
622,32.0,1,2,2,-84,2,426.0,1,1
623,40.0,4,2,3,1509,1,333.0,1,1
624,31.0,6,1,3,1134,1,174.0,2,1
625,36.0,9,1,2,146,2,284.0,2,1
626,33.0,4,2,3,9449,2,428.0,1,1
627,57.0,5,1,2,374,2,236.0,1,1
628,45.0,9,1,2,88,1,150.0,2,1
629,59.0,4,1,3,2764,1,237.0,1,1
630,30.0,4,2,3,2,2,1031.0,8,2
631,33.0,9,1,3,8023,1,107.0,1,1
632,52.0,1,1,2,289,2,45.0,13,1
633,83.0,5,1,2,0,1,140.0,10,1
634,58.0,6,3,3,1382,1,700.0,1,2
635,33.0,4,3,3,280,1,155.0,1,1
636,41.0,1,3,1,2195,2,211.0,5,1
637,31.0,6,1,2,33,1,165.0,4,1
638,35.0,1,3,2,275,1,144.0,5,1
639,27.0,4,2,3,703,2,590.0,3,2
640,57.0,0,3,4,887,1,43.0,8,1
641,56.0,11,1,4,0,1,471.0,2,1
642,53.0,0,2,2,1178,2,295.0,2,1
643,39.0,4,1,3,2763,2,526.0,2,2
644,32.0,2,2,3,890,2,27.0,10,1
645,46.0,6,1,2,548,1,1181.0,4,2
646,56.0,9,1,3,272,1,103.0,2,1
647,46.0,4,3,3,6269,2,249.0,3,1
648,29.0,2,1,2,178,2,231.0,4,1
649,60.0,4,1,1,252,2,123.0,2,1
650,33.0,3,2,3,23663,2,199.0,2,1
651,27.0,2,2,3,81,1,197.0,1,1
652,50.0,6,3,3,59,2,67.0,2,1
653,45.0,7,1,2,1343,1,220.0,1,1
654,58.0,5,1,2,225,1,122.0,6,1
655,59.0,5,1,1,0,2,104.0,7,1
656,58.0,5,3,1,2538,2,307.0,6,1
657,64.0,5,1,1,43,1,117.0,1,1
658,47.0,9,1,2,57,1,253.0,1,1
659,40.0,4,1,3,-117,2,770.0,2,1
660,36.0,9,3,2,666,2,190.0,1,1
661,28.0,4,2,3,0,2,767.0,5,2
662,38.0,9,2,3,25,2,232.0,2,2
663,53.0,2,1,1,1034,2,854.0,2,1
664,46.0,1,2,2,324,2,293.0,6,1
665,54.0,9,1,2,0,1,986.0,1,1
666,32.0,4,1,3,0,1,66.0,1,1
667,55.0,4,1,1,621,1,114.0,1,1
668,55.0,5,3,2,138,1,205.0,1,1
669,56.0,9,1,2,4063,1,31.0,4,1
670,40.0,1,1,2,11084,1,113.0,1,1
671,44.0,9,1,2,310,2,200.0,1,1
672,32.0,2,1,4,73,2,158.0,1,1
673,33.0,4,1,3,1808,2,99.0,4,1
674,41.0,10,3,2,1281,1,45.0,3,1
675,37.0,9,1,2,64,2,239.0,4,1
676,58.0,4,2,3,2,2,168.0,3,1
677,52.0,1,1,2,60,1,196.0,2,1
678,49.0,7,2,2,133,1,319.0,6,1
679,44.0,3,1,1,3706,1,209.0,3,1
680,28.0,0,2,4,174,1,184.0,1,1
681,31.0,9,1,2,251,1,156.0,2,1
682,37.0,6,1,2,4153,2,35.0,16,1
683,30.0,9,2,3,985,2,88.0,2,1
684,28.0,7,2,2,168,1,347.0,3,2
685,46.0,7,1,2,1550,2,126.0,2,1
686,47.0,4,1,3,7708,2,157.0,5,1
687,35.0,1,1,1,-12,2,212.0,5,1
688,80.0,4,1,1,6483,1,123.0,1,1
689,30.0,9,2,3,60,2,306.0,5,1
690,55.0,9,2,2,3339,2,63.0,1,1
691,22.0,8,2,3,1161,1,119.0,1,1
692,33.0,1,2,1,599,2,29.0,1,1
693,53.0,2,1,4,28,1,117.0,2,1
694,49.0,4,1,3,1430,1,231.0,2,1
695,51.0,5,1,2,35,1,123.0,4,1
696,41.0,6,1,3,6000,2,265.0,1,1
697,34.0,9,1,2,0,2,144.0,1,1
698,36.0,1,2,2,340,1,559.0,3,1
699,35.0,2,1,3,0,1,74.0,1,1
700,29.0,7,1,2,3,2,183.0,1,1
701,40.0,9,2,3,445,2,631.0,1,1
702,32.0,4,3,3,874,1,1282.0,6,2
703,48.0,1,1,2,705,1,108.0,2,1
704,59.0,5,1,4,1033,1,1199.0,1,2
705,35.0,6,3,3,1354,2,736.0,2,2
706,33.0,9,2,3,123,1,264.0,1,1
707,55.0,5,1,1,8894,1,262.0,1,1
708,41.0,1,1,2,429,2,244.0,1,1
709,42.0,3,1,1,14752,1,107.0,2,1
710,46.0,1,1,1,67,1,9.0,1,1
711,35.0,3,3,2,39,1,149.0,2,1
712,28.0,9,2,3,102,1,321.0,2,1
713,25.0,8,2,2,1790,1,224.0,1,1
714,56.0,4,2,3,15311,1,157.0,6,1
715,30.0,0,2,2,-635,1,250.0,1,1
716,45.0,1,1,2,115,1,209.0,4,1
717,40.0,4,1,3,10786,1,111.0,3,1
718,40.0,1,1,2,498,2,55.0,2,1
719,39.0,1,1,2,1045,2,290.0,13,1
720,48.0,2,1,3,810,1,383.0,1,1
721,31.0,9,2,3,-162,2,380.0,1,1
722,32.0,4,1,3,55,1,124.0,3,1
723,34.0,7,1,2,586,2,224.0,2,1
724,26.0,9,2,2,455,1,240.0,1,1
725,31.0,4,1,3,1010,2,385.0,3,1
726,37.0,4,2,3,509,2,133.0,1,1
727,29.0,8,2,4,2929,1,91.0,1,1
728,57.0,9,1,2,3071,2,63.0,3,1
729,47.0,4,2,3,153,2,192.0,2,1
730,38.0,6,2,2,1146,2,91.0,2,1
731,48.0,1,1,1,1092,1,79.0,1,1
732,50.0,4,1,3,3463,1,96.0,1,2
733,33.0,0,1,2,1158,2,25.0,2,1
734,28.0,0,2,2,26,2,227.0,2,1
735,30.0,7,2,2,566,1,110.0,1,1
736,52.0,9,3,2,204,1,134.0,2,1
737,36.0,9,1,2,480,1,213.0,1,2
738,36.0,9,2,2,1855,2,75.0,1,1
739,46.0,7,1,2,1034,1,109.0,2,1
740,57.0,4,1,3,3250,1,162.0,3,1
741,28.0,4,2,2,1633,1,275.0,1,2
742,46.0,7,1,2,0,2,154.0,1,1
743,55.0,5,1,1,3334,1,632.0,4,2
744,33.0,4,1,3,4020,2,251.0,1,1
745,53.0,4,1,2,66,1,141.0,1,1
746,41.0,9,2,2,-41,2,154.0,1,1
747,60.0,1,1,2,322,2,63.0,1,1
748,35.0,2,1,1,2643,1,259.0,1,1
749,43.0,1,3,1,49,2,100.0,1,1
750,57.0,0,3,1,1,1,17.0,10,1
751,46.0,0,1,2,3098,2,192.0,9,1
752,31.0,1,1,1,352,2,97.0,9,1
753,53.0,9,1,2,65,1,41.0,2,1
754,35.0,1,1,2,1949,2,200.0,3,1
755,32.0,0,2,2,739,2,91.0,3,1
756,48.0,4,1,3,1167,2,264.0,1,2
757,50.0,0,1,2,231,2,397.0,2,1
758,40.0,1,1,1,1136,2,86.0,1,1
759,42.0,2,1,3,233,1,446.0,1,1
760,59.0,0,1,2,817,1,304.0,1,1
761,27.0,1,2,1,1128,2,88.0,4,1
762,32.0,4,2,3,1831,2,86.0,2,1
763,35.0,9,2,2,450,2,63.0,1,1
764,28.0,7,1,2,0,2,335.0,2,1
765,37.0,4,3,2,414,1,293.0,2,1
766,57.0,4,1,1,1052,2,227.0,4,1
767,42.0,0,2,2,1022,2,146.0,2,1
768,55.0,0,1,1,343,2,276.0,3,1
769,52.0,4,1,3,1944,2,238.0,3,1
770,26.0,1,2,2,-32,2,14.0,6,1
771,52.0,9,1,2,1781,2,144.0,2,1
772,26.0,4,2,3,350,1,367.0,1,1
773,33.0,10,1,2,2,2,132.0,1,1
774,24.0,1,2,1,111,2,42.0,4,1
775,37.0,4,3,3,168,2,227.0,1,1
776,28.0,9,2,2,3,1,40.0,8,1
777,30.0,9,2,2,102,2,614.0,2,1
778,33.0,1,1,1,0,2,270.0,1,1
779,55.0,11,1,1,159,1,15.0,1,1
780,33.0,1,1,2,1134,2,304.0,2,1
781,42.0,1,1,2,352,2,79.0,3,1
782,37.0,4,1,3,865,2,101.0,1,1
783,59.0,1,1,1,179,2,55.0,3,1
784,27.0,1,2,2,5,2,205.0,3,1
785,23.0,8,1,3,-230,2,259.0,2,1
786,51.0,4,3,3,0,1,60.0,2,1
787,50.0,1,1,1,3924,2,122.0,2,1
788,43.0,9,1,2,764,2,557.0,5,1
789,37.0,1,3,1,511,2,42.0,1,1
790,34.0,4,2,3,4348,2,373.0,8,1
791,41.0,4,1,3,3016,2,80.0,3,1
792,26.0,8,2,2,279,1,239.0,3,1
793,49.0,4,3,3,1405,1,29.0,1,1
794,29.0,1,2,2,908,2,1663.0,1,2
795,30.0,4,2,3,162,2,186.0,4,1
796,38.0,7,3,2,792,1,430.0,1,1
797,58.0,4,1,2,111,1,58.0,2,1
798,34.0,8,2,4,1281,1,279.0,1,1
799,53.0,7,3,4,1012,2,332.0,2,1
800,50.0,4,1,3,2881,1,510.0,2,1
801,30.0,1,2,2,445,2,218.0,1,1
802,40.0,4,1,2,643,2,74.0,2,1
803,57.0,3,2,2,254,1,676.0,1,1
804,40.0,4,1,3,-1212,2,1259.0,2,1
805,41.0,9,1,2,2125,2,285.0,3,1
806,53.0,9,3,4,629,2,298.0,1,1
807,48.0,1,1,2,-202,2,225.0,4,1
808,32.0,9,2,2,271,2,80.0,2,1
809,34.0,4,1,3,703,2,342.0,1,2
810,46.0,1,1,2,-216,2,404.0,3,1
811,45.0,7,3,2,88,1,332.0,1,1
812,51.0,0,2,3,16,2,158.0,1,1
813,31.0,4,1,2,466,2,164.0,1,1
814,47.0,9,1,2,-75,2,57.0,1,1
815,32.0,1,1,2,456,1,121.0,1,1
816,41.0,9,1,2,77,2,56.0,1,1
817,37.0,7,2,2,-244,1,178.0,1,1
818,27.0,1,2,1,1209,1,283.0,1,1
819,27.0,7,1,2,58,2,113.0,1,1
820,50.0,4,1,2,421,1,22.0,5,1
821,31.0,4,2,3,112,2,159.0,2,1
822,40.0,6,1,3,13669,1,138.0,1,1
823,43.0,4,1,3,1429,2,1015.0,1,2
824,39.0,9,1,3,794,1,182.0,1,1
825,31.0,2,2,3,1957,1,112.0,3,1
826,48.0,9,1,2,454,2,114.0,1,1
827,32.0,1,2,1,882,1,80.0,8,1
828,47.0,10,1,1,168,2,66.0,1,1
829,35.0,4,2,3,714,2,135.0,22,1
830,42.0,4,2,3,0,1,99.0,1,1
831,47.0,1,1,2,1996,1,761.0,2,2
832,59.0,5,1,2,163,1,464.0,1,1
833,38.0,0,1,2,3190,2,20.0,2,1
834,50.0,10,1,2,1772,1,206.0,4,1
835,27.0,7,2,2,-151,1,283.0,2,1
836,55.0,3,1,1,16,1,64.0,1,1
837,39.0,7,2,2,7066,2,667.0,3,2
838,31.0,9,2,3,454,1,73.0,3,1
839,37.0,2,1,3,4798,2,156.0,2,1
840,28.0,9,2,2,-298,2,559.0,7,1
841,42.0,9,1,2,439,1,143.0,2,1
842,40.0,7,3,2,1927,2,62.0,1,1
843,59.0,4,2,2,671,2,219.0,2,1
844,40.0,7,2,2,65,2,15.0,3,1
845,43.0,9,1,2,-932,2,567.0,1,1
846,38.0,9,2,2,4366,2,188.0,2,1
847,54.0,5,1,1,0,2,159.0,2,1
848,41.0,1,1,2,4900,2,121.0,2,1
849,55.0,3,3,1,976,1,345.0,1,2
850,33.0,4,1,3,148,1,717.0,1,1
851,46.0,1,1,2,5,1,71.0,3,1
852,36.0,4,1,2,-148,1,1440000.0,2,1
853,48.0,9,3,3,113,1,38.0,1,1
854,42.0,4,1,2,-105,2,60.0,2,1
855,46.0,4,3,3,624,1,336.0,2,2
856,49.0,9,1,2,-1680,2,92.0,4,1
857,36.0,1,1,2,-461,1,254.0,2,1
858,34.0,9,2,3,144,2,104.0,1,1
859,51.0,2,3,3,4,2,74.0,5,1
860,58.0,1,1,1,309,1,156.0,2,1
861,48.0,4,1,3,866,1,146.0,2,1
862,41.0,0,2,2,1020,2,882.0,1,2
863,49.0,6,1,1,489,2,84.0,4,1
864,43.0,4,1,1,8167,2,114.0,2,1
865,32.0,1,2,2,-255,1,957.0,3,1
866,54.0,5,1,2,3671,1,67.0,3,1
867,33.0,1,3,1,636,2,211.0,11,1
868,35.0,9,1,2,141,2,299.0,2,1
869,56.0,9,1,2,150,2,102.0,6,1
870,57.0,9,1,2,839,1,225.0,1,1
871,31.0,3,2,1,26965,1,654.0,2,2
872,33.0,9,2,2,716,2,234.0,2,1
873,29.0,9,2,3,2485,1,48.0,6,1
874,38.0,4,2,3,15030,2,167.0,1,1
875,37.0,0,1,2,11303,1,500.0,2,1
876,33.0,2,1,3,595,1,22.0,2,1
877,30.0,4,2,3,19358,1,258.0,2,1
878,31.0,6,2,2,203,1,177.0,1,1
879,28.0,9,2,3,183,2,62.0,2,1
880,26.0,0,2,2,255,1,457008.0,1,2
881,31.0,9,2,2,102,2,460.0,2,1
882,50.0,3,3,1,94,2,184.0,4,1
883,45.0,2,1,1,58,2,119.0,3,1
884,48.0,4,1,1,606,1,77.0,6,1
885,41.0,9,1,2,0,1,107.0,1,1
886,60.0,9,1,1,65,2,1028.0,2,2
887,41.0,1,1,2,338,2,87.0,1,1
888,43.0,1,1,1,757,2,315.0,4,1
889,36.0,4,1,3,9269,2,107.0,2,1
890,40.0,1,1,1,1206,1,201.0,5,1
891,28.0,4,2,3,882,1,94.0,1,1
892,27.0,8,2,3,5291,1,192.0,2,2
893,49.0,4,2,2,61,2,185.0,2,1
894,37.0,9,1,3,0,2,77.0,1,1
895,31.0,1,1,2,1407,2,142.0,3,1
896,31.0,9,2,2,25,1,381.0,1,1
897,31.0,1,1,2,1354,2,222.0,2,1
898,35.0,1,1,1,793,2,106.0,1,1
899,51.0,1,3,4,10287,2,117.0,1,1
900,33.0,9,2,2,5235,1,67.0,3,1
901,30.0,9,2,3,3,2,45.0,2,1
902,58.0,9,2,2,409,1,643.0,2,1
903,34.0,0,1,3,35,2,76.0,1,1
904,45.0,4,1,3,-459,1,508.0,6,1
905,28.0,7,2,2,198,1,128.0,2,2
906,31.0,1,1,1,99,2,193.0,2,1
907,40.0,4,1,3,60,1,172.0,6,1
908,30.0,7,2,2,3485,1,142.0,2,1
909,34.0,2,1,2,-139,2,492.0,2,1
910,40.0,1,1,2,952,1,140.0,1,1
911,59.0,5,1,1,1427,1,140.0,2,1
912,43.0,9,2,3,1017,2,257.0,2,1
913,41.0,4,1,3,-29,1,41.0,2,1
914,33.0,9,3,2,9,1,91.0,2,1
915,33.0,4,1,2,4040,2,132.0,2,1
916,36.0,1,1,2,13,1,284.0,1,1
917,32.0,6,2,2,1259,1,184.0,2,1
918,25.0,0,1,2,18,2,225.0,1,1
919,25.0,1,1,2,-76,2,241.0,3,1
920,38.0,9,2,3,221,1,79.0,3,1
921,34.0,4,1,3,136,2,156.0,1,1
922,67.0,1,1,2,16353,1,223.0,2,1
923,32.0,1,1,2,-63,2,198.0,1,1
924,45.0,3,1,1,7353,1,536.0,2,1
925,33.0,1,1,1,511,2,304.0,2,1
926,38.0,0,1,1,3913,2,196.0,2,1
927,32.0,9,3,2,1097,2,298.0,2,1
928,54.0,5,3,3,6102,2,86.0,6,1
929,51.0,0,3,2,340,2,186.0,1,1
930,42.0,1,1,1,-119,2,167.0,3,1
931,41.0,0,1,2,2993,2,24.0,12,1
932,39.0,4,3,3,3575,1,74.0,3,1
933,38.0,1,1,2,361,2,601.0,1,1
934,39.0,4,1,2,1072,2,1168.0,2,1
935,46.0,1,1,1,2904,1,277.0,2,1
936,50.0,2,3,3,1790,1,748.0,3,1
937,33.0,1,1,2,86,2,364.0,1,1
938,37.0,9,1,2,1633,2,229.0,3,1
939,31.0,4,1,3,8312,1,43.0,13,1
940,34.0,1,3,4,172,1,177.0,1,2
941,34.0,4,1,3,0,2,262.0,1,2
942,36.0,4,1,3,222,2,317.0,1,1
943,40.0,9,1,2,109,1,402.0,22,1
944,40.0,1,1,2,1451,1,314.0,1,2
945,41.0,9,1,2,1066,1,109.0,3,2
946,52.0,4,1,3,3163,1,56.0,6,1
947,40.0,7,2,2,888,2,169.0,2,1
948,48.0,1,2,4,428,2,127.0,1,1
949,33.0,4,3,2,106,1,175.0,3,1
950,44.0,9,3,2,0,1,56.0,2,1
951,55.0,4,1,3,979,1,123.0,1,1
952,51.0,0,1,2,2662,1,148.0,2,1
953,34.0,4,2,3,84,1,231.0,1,1
954,58.0,5,3,4,5920,2,255.0,1,1
955,39.0,4,2,3,816,2,37.0,3,1
956,27.0,10,2,2,3276,1,106.0,1,1
957,55.0,4,3,4,2,2,95.0,1,1
958,35.0,9,2,2,-51,1,134.0,2,1
959,37.0,9,2,3,3315,2,820.0,2,1
960,52.0,9,1,2,196,2,116.0,1,1
961,41.0,1,1,2,552,2,463.0,1,1
962,52.0,0,1,2,2347,1,603.0,3,1
963,34.0,1,2,2,3723,2,47.0,5,1
964,53.0,4,3,1,255,1,126.0,1,1
965,33.0,4,2,3,3143,1,421.0,2,2
966,47.0,6,1,2,0,1,174.0,8,1
967,35.0,1,1,2,6411,2,144.0,1,1
968,33.0,4,2,3,1909,1,191.0,2,1
969,55.0,1,1,1,3873,1,222.0,1,1
970,58.0,6,1,1,1013,2,206.0,1,2
971,44.0,0,1,2,262,2,74.0,1,1
972,25.0,7,2,2,3217,2,24.0,1,1
973,37.0,9,2,2,5436,2,7.0,11,1
974,41.0,1,1,1,2067,2,493.0,7,1
975,34.0,1,2,2,215,1,350.0,3,2
976,36.0,7,3,2,1594,1,250.0,3,1
977,44.0,6,1,3,134,1,86.0,4,1
978,34.0,2,3,3,262,1,371.0,1,1
979,56.0,1,3,1,3021,1,419.0,2,1
980,43.0,4,3,3,388,2,2087.0,2,2
981,28.0,1,2,2,3412,2,22.0,4,1
982,54.0,1,1,2,1291,2,266.0,1,1
983,37.0,9,3,2,79,1,191.0,1,1
984,59.0,6,1,3,2013,1,222.0,4,2
985,58.0,1,3,2,543,1,264.0,3,1
986,56.0,4,3,3,1016,2,184.0,5,1
987,32.0,1,2,2,604,1,95.0,3,1
988,42.0,4,2,3,525,1,127.0,2,1
989,52.0,5,3,1,353,1,395.0,4,1
990,46.0,4,1,3,964,2,174.0,1,1
991,37.0,0,1,3,3913,2,124.0,1,2
992,39.0,1,1,1,879,2,102.0,2,1
993,31.0,0,1,2,314,2,279.0,1,1
994,59.0,3,1,1,0,1,76.0,11,1
995,38.0,1,1,2,1370,2,472.0,2,1
996,58.0,4,1,2,37,1,84.0,11,1
997,34.0,4,2,3,673,2,271.0,1,1
998,40.0,7,1,2,-342,2,754.0,1,1
999,20.0,8,2,2,291,1,172.0,5,1
1000,34.0,9,1,2,209,2,375.0,2,1
1001,31.0,9,2,3,438,2,130.0,2,1
1002,39.0,0,2,2,1242,2,303.0,3,1
1003,34.0,2,1,3,355,2,261.0,1,1
1004,24.0,1,1,2,204,2,229.0,3,1
1005,41.0,4,1,3,10758,2,288.0,1,1
1006,40.0,4,1,3,5,2,219.0,3,1
1007,45.0,9,2,2,410,2,891.0,4,2
1008,36.0,4,1,3,605,2,204.0,1,1
1009,53.0,4,1,3,4,1,19.0,6,1
1010,23.0,8,2,2,8494,1,158.0,2,1
1011,42.0,2,1,1,198,2,314.0,1,1
1012,48.0,1,1,2,841,2,215.0,1,1
1013,34.0,4,1,3,8,1,169.0,4,1
1014,36.0,0,1,2,470,2,101.0,4,1
1015,43.0,5,1,2,520,2,15.0,13,1
1016,36.0,1,1,2,439,2,260.0,5,1
1017,49.0,1,1,2,-454,2,558.0,1,2
1018,55.0,5,1,2,466,1,287.0,4,1
1019,53.0,5,1,2,665,2,371.0,2,2
1020,42.0,9,1,2,994,2,149.0,1,2
1021,45.0,0,1,2,5346,2,187.0,1,2
1022,31.0,1,1,2,1243,2,32.0,1,1
1023,32.0,0,1,3,0,2,138.0,1,1
1024,36.0,1,1,2,2357,2,228.0,2,1
1025,56.0,5,1,2,1044,1,353.0,2,2
1026,46.0,0,1,2,1069,2,45.0,2,1
1027,41.0,3,2,2,231,1,76.0,2,1
1028,31.0,0,1,2,0,2,144.0,2,1
1029,32.0,9,1,2,266,2,168.0,2,1
1030,38.0,4,1,3,-70,2,140.0,1,1
1031,49.0,5,2,1,25824,1,94.0,1,1
1032,46.0,4,2,1,538,1,118.0,3,1
1033,29.0,9,2,2,534,2,382.0,1,1
1034,36.0,0,1,4,2323,1,111.0,1,1
1035,38.0,0,1,2,1852,2,298.0,2,1
1036,53.0,9,1,2,2647,2,121.0,1,1
1037,43.0,4,1,3,2767,2,317.0,7,1
1038,41.0,4,1,3,176,2,42.0,1,1
1039,42.0,4,2,2,9720,1,81.0,2,1
1040,55.0,1,3,2,1613,2,296.0,1,2
1041,39.0,0,3,2,2903,2,259.0,2,1
1042,30.0,0,2,2,81,2,121.0,6,1
1043,41.0,1,1,2,780,2,432.0,3,1
1044,44.0,10,1,3,178,1,126.0,2,1
1045,58.0,4,1,3,299,1,120.0,4,1
1046,35.0,5,1,1,285,2,136.0,1,1
1047,27.0,1,1,2,872,2,1130.0,3,1
1048,34.0,7,1,2,1337,1,330.0,2,2
1049,25.0,7,1,2,72,2,305.0,2,1
1050,36.0,1,1,2,0,1,332.0,3,1
1051,38.0,1,1,2,-388,2,412.0,1,1
1052,30.0,0,1,2,11,2,157.0,1,1
1053,47.0,1,3,2,-535,2,71.0,2,1
1054,41.0,7,3,2,787,2,297.0,2,1
1055,36.0,4,2,3,3343,1,307.0,1,1
1056,63.0,2,1,2,3904,1,250.0,2,2
1057,23.0,4,2,3,736,2,119.0,1,1
1058,32.0,4,1,3,1390,1,116.0,2,1
1059,57.0,5,1,1,808,1,274.0,1,1
1060,48.0,4,1,3,1147,1,389.0,1,2
1061,49.0,7,1,2,1122,1,143.0,1,1
1062,50.0,9,1,2,-568,2,860.0,2,1
1063,33.0,1,1,1,1165,2,420.0,2,1
1064,53.0,7,3,2,-905,2,213.0,1,1
1065,30.0,10,1,3,0,2,756.0,1,1
1066,38.0,9,1,2,740,1,259.0,3,1
1067,44.0,4,1,2,8262,2,201.0,16,1
1068,39.0,0,2,2,14,2,19.0,9,1
1069,45.0,9,2,4,7108,2,53.0,1,1
1070,36.0,1,1,2,1049,2,224.0,4,2
1071,38.0,1,1,2,0,2,57.0,5,1
1072,36.0,3,1,2,419,2,251.0,1,1
1073,30.0,4,2,3,726,2,39.0,1,1
1074,28.0,9,3,3,594,2,54.0,3,1
1075,26.0,10,1,3,454,2,28.0,18,1
1076,54.0,11,1,2,2206,1,104.0,1,2
1077,38.0,0,1,3,1988,1,164.0,2,2
1078,32.0,9,2,3,0,1,268.0,2,1
1079,50.0,0,3,2,202,1,148.0,1,1
1080,43.0,1,1,2,667,2,228.0,3,1
1081,48.0,0,1,2,112,1,139.0,5,1
1082,57.0,3,1,1,50,1,89.0,3,1
1083,64.0,3,1,1,768,1,250.0,2,1
1084,26.0,7,3,2,74,2,106.0,6,1
1085,33.0,1,1,2,661,2,968.0,1,2
1086,50.0,6,1,2,3025,1,168.0,3,1
1087,47.0,6,1,3,751,1,408.0,14,1
1088,39.0,4,2,3,416,1,56.0,4,1
1089,52.0,7,1,1,14,1,55.0,5,1
1090,31.0,1,2,1,-502,2,76.0,4,1
1091,50.0,1,1,1,0,1,72.0,5,1
1092,47.0,9,1,2,599,2,99.0,3,1
1093,30.0,4,2,3,-218,2,13.0,15,1
1094,32.0,9,2,3,1012,1,178.0,1,1
1095,36.0,9,1,2,300,1,287.0,1,1
1096,46.0,9,1,3,217,2,141.0,1,1
1097,45.0,4,3,3,2096,1,127.0,1,1
1098,37.0,9,2,2,0,1,69.0,2,1
1099,58.0,3,1,1,5278,2,763.0,4,1
1100,59.0,4,1,3,1831,1,122.0,1,1
1101,28.0,4,1,3,1480,2,143.0,1,1
1102,48.0,4,1,3,7289,2,316.0,3,1
1103,55.0,1,1,4,1665,1,89.0,2,1
1104,37.0,1,2,1,851,2,151.0,1,1
1105,41.0,4,1,3,2885,1,40.0,1,1
1106,35.0,1,1,2,137,1,5.0,1,1
1107,34.0,1,2,2,1239,2,90.0,1,1
1108,43.0,4,2,3,146,1,50.0,1,1
1109,59.0,9,1,2,1,1,159.0,2,2
1110,50.0,1,3,1,-10,1,369.0,6,1
1111,37.0,9,1,2,480,1,344.0,2,2
1112,35.0,9,1,2,2789,2,256.0,2,1
1113,50.0,9,2,2,3897,1,298.0,1,1
1114,36.0,9,3,2,487,1,268.0,3,1
1115,41.0,0,1,2,5110,2,231.0,1,1
1116,28.0,4,1,3,318,2,4.0,4,1
1117,42.0,9,2,3,-411,2,78.0,5,1
1118,60.0,5,1,2,4820,1,419.0,1,1
1119,28.0,4,2,3,4937,2,421.0,3,1
1120,48.0,2,1,2,725,1,105.0,1,1
1121,51.0,2,1,3,5403,1,42.0,1,1
1122,32.0,9,1,3,4089,1,114.0,7,1
1123,35.0,9,1,3,188,1,286.0,2,1
1124,37.0,9,1,4,189,1,238.0,1,2
1125,38.0,1,3,2,2998,2,91.0,1,1
1126,77.0,5,1,2,610,1,766.0,3,1
1127,32.0,4,2,4,787,1,92.0,1,1
1128,43.0,9,3,2,167,1,211.0,3,1
1129,36.0,4,2,3,243,2,160.0,2,1
1130,29.0,4,1,3,877,1,166.0,3,1
1131,32.0,0,2,2,2817,2,195.0,1,1
1132,41.0,4,3,3,4567,2,106.0,1,1
1133,26.0,7,2,2,127,2,85.0,3,1
1134,34.0,1,1,1,176,1,78.0,1,1
1135,57.0,5,1,3,0,2,648.0,1,2
1136,36.0,7,2,2,1482,2,177.0,2,1
1137,42.0,1,1,2,3052,2,32.0,1,1
1138,35.0,9,3,2,56,1,24.0,12,1
1139,52.0,2,3,1,278,2,688.0,2,1
1140,36.0,4,2,3,3875,2,21.0,5,1
1141,46.0,9,1,2,-337,2,112.0,1,1
1142,60.0,4,3,3,366,1,593.0,1,2
1143,57.0,3,1,1,501,2,59.0,2,1
1144,48.0,4,1,3,998,2,121.0,3,1
1145,59.0,6,1,1,0,2,97.0,2,1
1146,39.0,4,1,3,246,1,86.0,2,1
1147,44.0,1,1,2,-182,2,10.0,10,1
1148,27.0,4,2,3,446,1,205.0,3,1
1149,59.0,5,1,2,1173,1,77.0,2,1
1150,36.0,9,3,2,5957,2,138.0,2,1
1151,44.0,0,1,2,205,1,289.0,1,2
1152,50.0,0,1,2,0,1,86.0,4,1
1153,41.0,4,3,3,369,2,9.0,3,1
1154,47.0,0,1,2,1934,1,225.0,1,1
1155,32.0,9,2,3,259,1,407.0,4,1
1156,38.0,1,1,2,284,2,1030.0,6,1
1157,55.0,1,1,4,23,1,123.0,2,1
1158,38.0,4,2,3,1373,1,119.0,4,1
1159,31.0,4,2,3,62,2,175.0,1,1
1160,38.0,1,3,2,157,1,299.0,5,1
1161,29.0,10,2,3,991,1,563.0,1,1
1162,55.0,7,1,2,186,2,241.0,1,1
1163,35.0,10,1,2,977,2,52.0,4,1
1164,40.0,6,2,3,2893,1,76.0,3,1
1165,34.0,1,1,2,1897,2,441.0,1,1
1166,32.0,9,2,3,5514,1,319.0,1,2
1167,33.0,1,1,2,889,2,13.0,1,1
1168,33.0,4,1,3,273,2,803.0,1,2
1169,37.0,0,1,2,1193,1,396.0,2,1
1170,58.0,4,1,3,2729,1,188.0,1,1
1171,36.0,0,2,2,0,1,637.0,1,1
1172,42.0,1,1,2,230,2,175.0,7,1
1173,34.0,9,2,2,2729,2,945.0,1,1
1174,35.0,4,1,3,317,2,162.0,3,1
1175,60.0,3,1,1,517,1,1178.0,3,1
1176,50.0,4,1,3,-470,2,506.0,2,1
1177,28.0,6,2,3,4579,1,409.0,2,2
1178,27.0,1,3,2,1,2,116.0,3,1
1179,37.0,4,1,3,5106,1,244.0,1,2
1180,31.0,9,1,3,636,2,352.0,4,2
1181,34.0,7,1,2,1076,1,152.0,1,2
1182,38.0,4,1,3,126,2,164.0,2,1
1183,32.0,6,1,2,-33,2,234.0,3,1
1184,37.0,9,1,2,430,1,154.0,4,1
1185,33.0,0,1,2,-6,2,566.0,2,1
1186,71.0,9,1,3,383,1,327.0,2,1
1187,27.0,9,1,2,130,2,265.0,3,1
1188,38.0,1,1,1,2569,1,172.0,1,1
1189,34.0,9,2,2,201,1,257.0,2,1
1190,54.0,5,3,3,0,1,618.0,1,2
1191,30.0,1,1,2,6,2,241.0,3,1
1192,35.0,2,2,2,475,1,936.0,4,1
1193,33.0,1,2,2,706,2,329.0,1,1
1194,36.0,4,1,2,1825,2,24.0,1,1
1195,59.0,6,1,3,185,1,177.0,5,1
1196,72.0,1,1,1,4415,1,120.0,1,1
1197,64.0,4,1,3,679,1,135.0,3,1
1198,53.0,9,3,2,320,1,175.0,1,1
1199,35.0,4,2,3,2988,2,179.0,1,1
1200,58.0,6,1,2,1407,2,58.0,1,1
1201,40.0,9,1,2,1270,1,342.0,2,1
1202,41.0,7,3,2,654,2,139.0,2,1
1203,48.0,5,1,1,5173,2,88.0,8,1
1204,44.0,2,1,3,3463,2,210.0,3,1
1205,39.0,1,1,4,0,1,731.0,1,1
1206,61.0,4,1,3,6016,1,670.0,3,2
1207,36.0,2,1,1,177,2,63.0,5,1
1208,28.0,4,1,3,3694,1,70.0,2,1
1209,58.0,5,2,2,1640,1,72.0,6,1
1210,60.0,0,3,2,174,2,241.0,1,1
1211,66.0,0,2,2,10177,1,272.0,4,1
1212,36.0,4,2,3,490,1,207.0,8,2
1213,49.0,6,1,2,2576,2,64.0,6,1
1214,40.0,7,1,2,0,1,543.0,2,1
1215,23.0,9,2,2,598,1,166.0,1,1
1216,29.0,4,2,3,15459,1,245.0,3,1
1217,44.0,1,1,1,271,2,94.0,1,1
1218,54.0,11,1,4,2508,1,34.0,8,1
1219,47.0,1,1,1,320,1,203.0,2,1
1220,33.0,0,1,3,640,1,318.0,1,1
1221,30.0,6,1,2,1772,2,158.0,4,1
1222,27.0,0,2,2,15,1,177.0,1,1
1223,49.0,4,3,3,2370,2,56.0,1,1
1224,27.0,7,2,2,201,2,172.0,2,1
1225,51.0,1,1,2,160,2,136.0,1,1
1226,32.0,0,3,2,5,2,82.0,3,1
1227,30.0,1,2,2,75,2,123.0,1,1
1228,33.0,0,1,2,4902,2,110.0,1,1
1229,27.0,1,2,1,-79,2,385.0,5,1
1230,75.0,5,3,2,1341,1,415.0,7,2
1231,37.0,7,3,2,490,2,73.0,1,1
1232,36.0,9,2,2,1521,2,243.0,2,1
1233,37.0,1,1,2,131,2,137.0,2,1
1234,35.0,4,1,3,8,2,55.0,4,1
1235,32.0,7,1,2,-632,2,18.0,5,1
1236,32.0,0,2,2,116,1,255.0,2,1
1237,35.0,0,1,1,189,2,95.0,1,1
1238,31.0,1,1,1,2,2,112.0,1,1
1239,28.0,1,2,2,4229,2,205.0,2,1
1240,27.0,7,1,2,54,2,97.0,1,1
1241,22.0,8,2,4,549,1,154.0,1,1
1242,35.0,1,1,1,298,2,135.0,2,1
1243,69.0,5,1,1,579,1,230.0,1,1
1244,37.0,2,2,3,1467,2,349.0,1,1
1245,45.0,0,2,2,0,2,38.0,1,1
1246,47.0,4,1,3,109,2,268.0,1,1
1247,52.0,4,1,3,-11,2,94.0,4,1
1248,33.0,7,1,2,90,2,263.0,2,1
1249,60.0,1,1,1,493,1,671.0,4,2
1250,33.0,4,3,2,1897,2,197.0,1,1
1251,44.0,0,1,2,2403,2,180.0,2,1
1252,38.0,2,1,2,868,1,452.0,2,1
1253,54.0,2,1,2,653,2,352.0,1,1
1254,32.0,10,3,1,0,1,175.0,4,1
1255,33.0,9,1,2,0,2,163.0,2,1
1256,55.0,7,3,2,218,2,200.0,2,1
1257,51.0,1,1,1,5050,1,75.0,7,1
1258,48.0,1,1,2,741,2,227.0,1,1
1259,37.0,7,2,2,1050,2,586.0,3,1
1260,33.0,7,2,2,-56,1,119.0,5,1
1261,30.0,1,1,1,1,2,80.0,2,1
1262,43.0,1,1,1,-98,2,112.0,2,1
1263,49.0,9,1,2,4667,2,130.0,2,1
1264,54.0,10,1,1,541,2,237.0,3,1
1265,31.0,10,1,3,7744,1,377.0,8,1
1266,54.0,11,1,4,895,1,335.0,1,2
1267,36.0,10,1,2,-129,2,121.0,3,1
1268,30.0,0,1,2,0,1,127.0,5,1
1269,27.0,9,2,2,158,1,650.0,2,2
1270,30.0,0,1,2,122,2,107.0,1,1
1271,30.0,1,1,2,673,2,610.0,2,1
1272,35.0,9,3,2,0,1,124.0,4,1
1273,33.0,7,3,2,411,2,216.0,1,1
1274,43.0,1,3,1,-97,2,747.0,4,1
1275,41.0,1,1,2,-217,2,313.0,1,1
1276,41.0,4,3,3,5037,1,252.0,9,2
1277,46.0,0,3,2,2232,1,121.0,1,2
1278,54.0,1,1,2,-932,2,799.0,1,1
1279,32.0,4,1,3,913,2,883.0,1,1
1280,30.0,9,2,3,236,2,197.0,1,1
1281,40.0,2,1,1,0,2,271.0,2,1
1282,30.0,1,1,1,2581,1,221.0,2,1
1283,27.0,0,1,2,639,1,243.0,3,1
1284,41.0,1,1,1,849,2,72.0,1,1
1285,54.0,7,1,2,386,2,155.0,2,1
1286,32.0,4,2,3,1218,2,70.0,2,1
1287,31.0,4,1,3,2603,2,280.0,4,2
1288,42.0,1,1,2,-921,2,115.0,2,1
1289,48.0,0,1,1,607,1,29.0,2,1
1290,34.0,1,1,1,79,2,406.0,2,1
1291,55.0,9,3,2,61,2,113.0,3,1
1292,49.0,9,1,2,1091,1,47.0,2,1
1293,46.0,4,3,3,743,1,36.0,2,1
1294,47.0,2,1,4,209,2,135.0,2,1
1295,24.0,4,2,3,172,1,67.0,2,1
1296,58.0,2,1,2,2,1,684.0,1,1
1297,32.0,4,2,3,41,1,686.0,5,2
1298,25.0,8,2,2,1116,2,170.0,3,1
1299,49.0,1,1,2,-55,1,150.0,3,1
1300,59.0,5,3,2,5845,1,1060.0,2,2
1301,30.0,4,2,3,329,2,122.0,16,1
1302,46.0,1,1,2,494,2,724.0,1,1
1303,42.0,4,1,4,1519,1,230.0,1,2
1304,37.0,2,1,3,2685,1,187.0,2,1
1305,44.0,1,1,1,-14,2,179.0,4,1
1306,49.0,7,1,2,5673,1,357.0,3,1
1307,41.0,1,1,2,1459,1,82.0,1,1
1308,48.0,9,1,3,0,1,176.0,15,1
1309,31.0,4,1,2,625,2,424.0,1,1
1310,37.0,8,1,4,0,1,115.0,1,1
1311,51.0,7,1,2,867,2,177.0,2,1
1312,80.0,5,1,2,8304,1,712.0,1,2
1313,32.0,4,2,3,151,2,118.0,1,1
1314,48.0,7,1,1,-583,2,25.0,7,1
1315,49.0,1,1,3,1784,1,753.0,1,1
1316,30.0,4,1,3,3134,2,124.0,1,1
1317,27.0,6,2,2,49,2,208.0,2,1
1318,34.0,9,1,2,-346,1,136.0,4,1
1319,49.0,4,1,2,1623,2,1081.0,2,2
1320,48.0,4,1,3,60,1,376.0,2,1
1321,40.0,7,1,2,17,1,78.0,1,1
1322,38.0,1,1,2,2008,2,354.0,1,1
1323,46.0,1,1,1,91,2,29.0,1,1
1324,41.0,2,1,3,171,2,209.0,1,1
1325,28.0,4,2,3,1027,2,433.0,1,1
1326,51.0,7,1,4,5801,2,147.0,2,1
1327,33.0,1,3,1,142,2,41.0,2,1
1328,26.0,4,2,3,205,1,111.0,1,1
1329,34.0,0,2,2,852,1,108.0,2,1
1330,27.0,1,1,2,-584,2,411.0,2,1
1331,42.0,6,1,2,97,1,108.0,2,1
1332,45.0,0,1,2,204,2,224.0,2,2
1333,31.0,9,2,2,628,2,1083.0,2,1
1334,32.0,4,2,3,311,1,757.0,2,2
1335,39.0,1,1,1,1564,1,57.0,1,1
1336,26.0,1,2,2,856,2,95.0,5,1
1337,40.0,4,2,3,1509,1,144.0,2,1
1338,52.0,7,1,2,-888,1,135.0,1,1
1339,40.0,9,2,3,226,1,176.0,2,1
1340,48.0,9,1,2,127,1,524.0,5,1
1341,31.0,7,1,2,413,2,65.0,1,1
1342,27.0,0,1,2,710,2,653.0,1,2
1343,47.0,9,1,2,1233,2,91.0,1,2
1344,28.0,4,2,2,171,1,93.0,1,2
1345,40.0,4,3,3,69,2,503.0,2,1
1346,34.0,0,1,2,1499,2,186.0,1,1
1347,29.0,6,1,3,751,2,121.0,2,1
1348,36.0,4,1,3,61,1,452.0,2,1
1349,83.0,5,1,1,425,1,883.0,1,2
1350,55.0,7,3,1,2923,2,104.0,2,1
1351,43.0,4,3,3,99,1,24.0,3,1
1352,23.0,8,2,2,1021,1,79.0,9,1
1353,44.0,9,1,3,1146,1,178.0,2,1
1354,58.0,1,1,1,781,2,74.0,2,1
1355,29.0,0,2,2,1448,1,217.0,1,1
1356,30.0,4,2,3,604,1,475.0,1,1
1357,29.0,0,2,2,-194,2,127.0,1,1
1358,41.0,9,1,2,0,1,101.0,1,1
1359,35.0,3,1,1,0,2,340.0,3,1
1360,31.0,9,2,2,1014,2,158.0,4,1
1361,27.0,0,2,3,73,1,242.0,1,1
1362,47.0,7,1,2,2597,2,323.0,1,1
1363,53.0,6,1,3,2627,2,18.0,30,1
1364,34.0,4,1,3,1906,2,68.0,3,1
1365,34.0,1,1,1,-319,2,134.0,4,1
1366,36.0,4,1,3,-296,2,113.0,3,1
1367,40.0,9,1,2,169,2,43.0,4,1
1368,37.0,6,2,3,556,1,200.0,2,1
1369,65.0,5,3,4,300,1,245.0,2,1
1370,53.0,9,3,2,751,2,343.0,4,1
1371,28.0,9,2,2,126,1,229.0,1,1
1372,33.0,9,3,3,-386,2,530.0,1,1
1373,56.0,1,1,1,379,1,58.0,5,1
1374,45.0,6,1,2,706,1,78.0,2,1
1375,39.0,9,1,2,9121,1,147.0,1,1
1376,28.0,4,2,3,1466,2,40.0,1,1
1377,36.0,1,1,1,0,2,618.0,2,1
1378,41.0,1,1,1,951,2,23.0,4,1
1379,46.0,0,1,2,368,1,293.0,1,2
1380,41.0,1,1,2,121,2,16.0,6,1
1381,59.0,7,1,2,204,1,286.0,2,1
1382,24.0,0,1,2,299,2,209.0,1,1
1383,34.0,4,1,3,4170,2,935.0,1,1
1384,40.0,1,1,1,-335,2,260.0,1,1
1385,42.0,0,1,2,3165,2,298.0,4,1
1386,50.0,7,1,2,254,2,397.0,2,1
1387,25.0,4,2,3,553,2,113.0,4,1
1388,51.0,7,3,2,518,2,76.0,1,1
1389,50.0,4,1,3,85,1,141.0,1,1
1390,37.0,1,1,4,603,2,773.0,2,1
1391,21.0,7,2,2,361,1,329.0,1,1
1392,52.0,1,1,2,-98,2,423.0,1,1
1393,55.0,5,1,1,4424,1,67.0,4,1
1394,26.0,9,2,2,2610,2,626.0,1,1
1395,38.0,9,1,3,3234,1,578.0,2,2
1396,32.0,1,1,2,687,2,61.0,1,1
1397,31.0,1,1,2,631,2,248.0,4,1
1398,34.0,9,2,2,341,1,136.0,1,1
1399,33.0,9,2,3,316,1,126.0,3,1
1400,35.0,9,1,2,2,1,653.0,3,1
1401,44.0,4,1,4,415,2,7.0,7,1
1402,48.0,4,3,3,507,2,528.0,1,1
1403,29.0,1,1,2,912,2,785.0,1,1
1404,50.0,4,1,3,0,1,243.0,5,1
1405,37.0,1,1,1,37,2,24.0,2,1
1406,44.0,0,2,2,2524,1,82.0,1,1
1407,36.0,10,2,3,9019,2,952.0,3,1
1408,49.0,1,3,4,39,2,27.0,5,1
1409,31.0,1,1,2,0,2,143.0,1,1
1410,49.0,9,3,2,265,2,274.0,6,1
1411,35.0,1,2,2,0,2,1174.0,1,2
1412,57.0,0,3,4,4012,1,915.0,1,1
1413,42.0,1,1,1,1520,2,115.0,1,1
1414,36.0,1,3,2,-140,2,222.0,2,1
1415,75.0,5,3,1,852,1,341.0,1,1
1416,38.0,1,2,2,578,2,112.0,2,1
1417,40.0,1,1,1,0,2,64.0,2,1
1418,38.0,7,2,2,2253,2,937.0,3,2
1419,34.0,4,2,3,1171,2,129.0,1,1
1420,29.0,9,2,3,452,2,59.0,1,1
1421,28.0,0,1,2,-97,2,79.0,1,1
1422,79.0,5,1,2,4738,1,151.0,5,1
1423,51.0,0,3,2,467,2,83.0,1,1
1424,32.0,8,2,3,0,1,101.0,5,1
1425,36.0,4,1,3,495,1,157.0,3,2
1426,38.0,2,1,2,157,1,57.0,11,1
1427,49.0,6,1,2,358,2,176.0,3,1
1428,42.0,7,1,2,292,2,222.0,3,1
1429,43.0,1,1,1,7343,2,217.0,4,1
1430,34.0,1,1,2,-563,2,252.0,1,1
1431,59.0,5,2,2,351,2,1063.0,5,2
1432,35.0,11,1,1,365,1,41.0,2,1
1433,33.0,1,2,2,13494,2,27.0,25,1
1434,34.0,0,2,2,846,2,758.0,2,1
1435,64.0,5,1,2,1574,1,301.0,3,2
1436,34.0,2,1,3,-28,2,574.0,1,1
1437,77.0,5,1,3,0,1,847.0,1,2
1438,57.0,5,1,1,2927,1,78.0,5,1
1439,30.0,1,1,2,501,2,514.0,1,1
1440,56.0,3,3,1,1238,1,1558.0,1,2
1441,49.0,11,1,4,301,1,789.0,2,1
1442,73.0,5,1,1,1388,1,146.0,3,1
1443,39.0,9,2,2,102,2,272.0,2,1
1444,57.0,9,3,1,13,2,323.0,2,1
1445,32.0,6,1,2,413,2,712.0,2,1
1446,32.0,9,2,3,4665,2,860.0,2,2
1447,45.0,0,1,2,638,2,75.0,9,1
1448,32.0,1,1,2,101,2,191.0,4,1
1449,31.0,4,1,3,1224,2,1441.0,2,2
1450,49.0,6,1,2,1103,1,428.0,2,1
1451,29.0,7,1,2,3748,1,322.0,3,1
1452,55.0,9,1,2,955,2,104.0,1,1
1453,30.0,0,1,2,518,2,127.0,1,1
1454,45.0,7,2,1,1893,2,1259.0,6,2
1455,39.0,9,1,3,14,1,114.0,2,1
1456,36.0,0,1,2,-423,2,106.0,1,1
1457,33.0,4,1,3,3696,1,305.0,1,1
1458,36.0,4,1,3,2987,2,307.0,1,2
1459,31.0,9,2,2,433,1,1504.0,2,1
1460,36.0,9,1,4,756,1,396.0,3,1
1461,38.0,9,2,3,0,2,71.0,1,1
1462,33.0,11,1,2,2727,1,205.0,3,1
1463,40.0,9,1,2,93,2,134.0,2,1
1464,31.0,1,1,2,1766,1,166.0,2,2
1465,39.0,7,1,2,124,2,81.0,5,1
1466,33.0,0,1,3,69,1,77.0,2,1
1467,53.0,7,3,2,0,1,80.0,2,2
1468,38.0,4,1,3,0,2,537.0,5,1
1469,59.0,9,1,2,259,1,415.0,1,2
1470,55.0,1,1,1,4103,1,291.0,1,1
1471,38.0,9,2,3,744,2,283.0,1,1
1472,48.0,7,1,2,116,2,70.0,4,1
1473,53.0,1,1,2,70,2,611.0,2,1
1474,44.0,0,3,2,432,1,132.0,3,1
1475,57.0,4,1,3,1172,1,26.0,1,1
1476,29.0,1,2,2,9,2,262.0,3,1
1477,31.0,7,1,2,428,2,272.0,1,1
1478,35.0,9,2,3,7546,2,137.0,1,1
1479,31.0,1,1,1,620,1,95.0,1,1
1480,35.0,6,1,3,8647,1,140.0,2,1
1481,40.0,4,2,2,192,2,71.0,11,1
1482,39.0,1,1,2,0,2,502.0,1,1
1483,43.0,9,2,3,27733,2,164.0,7,1
1484,44.0,2,1,1,276,2,219.0,1,1
1485,29.0,9,2,2,113,1,328.0,2,2
1486,40.0,9,1,2,782,2,224.0,2,1
1487,33.0,2,1,1,82,2,63.0,2,1
1488,46.0,4,1,3,1008,1,24.0,13,1
1489,27.0,11,2,3,6421,1,147.0,4,1
1490,26.0,0,2,2,443,1,84.0,3,1
1491,41.0,9,1,2,351,2,175.0,1,1
1492,34.0,9,1,3,5060,2,12.0,21,1
1493,39.0,9,2,3,-41,1,40.0,15,1
1494,27.0,7,2,2,-124,1,217.0,1,1
1495,31.0,1,1,2,79,2,235.0,11,1
1496,44.0,10,2,2,3945,1,255.0,1,1
1497,55.0,5,1,3,197,1,256.0,1,1
1498,51.0,1,3,1,837,1,41.0,2,1
1499,50.0,4,1,3,-94,1,75.0,1,1
1500,30.0,7,1,2,1743,2,192.0,4,1
1501,46.0,9,1,2,57,1,796.0,1,2
1502,49.0,0,1,2,635,1,220.0,3,1
1503,56.0,5,1,2,-113,2,614.0,2,1
1504,47.0,0,3,2,225,1,1126.0,4,2
1505,30.0,0,1,2,124,1,161.0,2,1
1506,36.0,2,2,2,475,1,141.0,3,1
1507,40.0,4,1,3,-7,1,697.0,1,1
1508,37.0,9,2,2,375,1,223.0,2,1
1509,42.0,0,3,2,936,1,931.0,1,2
1510,45.0,9,1,2,1415,2,483.0,1,1
1511,34.0,10,2,2,0,1,63.0,2,1
1512,27.0,0,2,2,3638,1,271.0,5,1
1513,30.0,1,1,2,-99,2,144.0,5,1
1514,32.0,9,1,2,167,2,79.0,3,1
1515,46.0,3,1,1,19,2,171.0,1,1
1516,29.0,6,1,3,242,2,73.0,4,1
1517,53.0,11,1,4,13,1,69.0,1,1
1518,32.0,9,1,2,286,1,60.0,1,1
1519,49.0,10,1,2,769,2,257.0,1,1
1520,35.0,4,1,3,93,1,198.0,2,1
1521,38.0,1,1,2,1663,2,217.0,3,1
1522,39.0,2,1,1,238,2,134.0,1,1
1523,34.0,9,2,2,2178,2,41.0,1,1
1524,42.0,1,1,1,792,2,611.0,2,1
1525,35.0,1,2,4,871,2,216.0,3,1
1526,60.0,0,1,2,1025,1,388.0,8,1
1527,57.0,9,3,2,63,2,242.0,1,1
1528,31.0,1,2,2,16,1,387.0,1,1
1529,29.0,4,2,2,417,1,90.0,1,1
1530,41.0,7,1,2,3992,2,281.0,2,1
1531,46.0,1,1,1,2749,2,332.0,1,1
1532,33.0,9,1,2,133,1,218.0,1,2
1533,32.0,1,2,2,1721,2,650.0,2,1
1534,54.0,4,3,3,2171,2,1034.0,1,2
1535,37.0,7,1,2,4760,2,182.0,2,1
1536,32.0,9,2,2,2979,1,156.0,1,1
1537,43.0,4,1,3,690,2,171.0,3,1
1538,50.0,1,3,2,203,2,265.0,1,1
1539,34.0,1,1,2,322,2,10.0,3,1
1540,31.0,0,3,2,1210,1,350.0,1,1
1541,43.0,6,1,2,634,2,65.0,1,1
1542,49.0,2,1,2,273,1,58.0,1,1
1543,22.0,8,2,4,47,1,69.0,3,1
1544,35.0,4,1,3,1100,1,127.0,2,1
1545,56.0,0,1,2,0,2,154.0,2,1
1546,53.0,1,1,2,0,1,36.0,4,1
1547,54.0,2,1,3,1544,1,85.0,7,1
1548,32.0,7,2,4,6145,2,362.0,1,1
1549,41.0,6,1,2,28,2,49.0,1,1
1550,40.0,1,1,2,1012,2,410.0,1,1
1551,33.0,1,1,1,245,2,253.0,3,1
1552,33.0,4,2,3,1998,1,570.0,1,1
1553,34.0,1,1,2,3990,2,633.0,7,1
1554,36.0,7,1,2,1328,2,82.0,4,1
1555,34.0,2,1,3,412,2,164.0,1,1
1556,55.0,4,1,1,229,1,175.0,3,1
1557,28.0,8,2,3,1562,1,659.0,4,2
1558,29.0,0,2,2,3432,2,139.0,2,1
1559,31.0,0,2,2,144,2,43.0,11,1
1560,52.0,4,1,3,1339,2,343.0,5,1
1561,54.0,7,1,4,386,1,74.0,1,1
1562,43.0,1,1,1,7727,2,302.0,8,1
1563,55.0,2,1,2,204,1,455.0,13,1
1564,28.0,1,3,4,101,2,126.0,4,1
1565,45.0,10,3,2,728,2,107.0,1,1
1566,45.0,2,1,1,2418,2,120.0,1,1
1567,51.0,4,1,3,2934,2,727.0,4,1
1568,42.0,9,2,2,0,2,275.0,4,1
1569,43.0,11,2,4,181,1,41.0,1,1
1570,34.0,4,1,3,176,1,61.0,4,1
1571,36.0,1,1,1,49,2,232.0,2,1
1572,37.0,1,1,2,2023,2,214.0,1,1
1573,50.0,1,1,2,372,2,21.0,1,1
1574,42.0,4,3,4,7702,1,138.0,2,2
1575,34.0,1,2,1,464,2,173.0,1,1
1576,48.0,4,1,2,117,2,635.0,1,1
1577,47.0,0,1,2,104,2,77.0,2,1
1578,40.0,4,1,3,1041,2,73.0,1,1
1579,37.0,4,1,3,539,1,540.0,2,1
1580,38.0,1,1,1,0,2,179.0,2,1
1581,29.0,9,2,3,406,2,119.0,1,1
1582,46.0,1,1,1,2558,2,107.0,1,1
1583,26.0,1,1,2,484,2,48.0,2,1
1584,30.0,7,2,3,3516,2,447.0,4,1
1585,42.0,1,1,2,5639,2,430.0,2,1
1586,42.0,4,2,3,100,1,64.0,2,1
1587,31.0,0,2,2,1306,2,217.0,5,1
1588,37.0,4,2,3,815,2,77.0,1,1
1589,26.0,1,1,2,245,2,16.0,11,1
1590,54.0,1,1,4,191,1,753.0,2,1
1591,70.0,5,1,2,2815,1,125.0,2,1
1592,29.0,6,2,2,3672,2,1210.0,1,1
1593,50.0,7,1,2,1572,2,185.0,1,1
1594,60.0,10,3,2,385,2,80.0,1,1
1595,32.0,9,2,2,29,1,156.0,2,1
1596,32.0,9,1,2,84,1,403.0,3,1
1597,34.0,6,2,3,876,2,145.0,2,1
1598,48.0,7,2,1,1499,2,17.0,7,1
1599,25.0,8,1,3,0,2,160.0,1,1
1600,32.0,4,1,2,6217,2,486.0,2,1
1601,32.0,1,1,1,329,2,321.0,1,1
1602,47.0,0,3,2,162,2,203.0,4,1
1603,32.0,9,1,4,14533,1,646.0,3,1
1604,49.0,4,2,3,151,2,97.0,3,2
1605,53.0,7,1,2,-2,2,144.0,2,1
1606,41.0,1,2,4,4684,1,30.0,6,1
1607,47.0,4,3,3,1149,1,82.0,2,1
1608,35.0,1,1,1,11,2,326.0,4,1
1609,33.0,4,2,2,8004,1,414.0,3,1
1610,49.0,1,1,1,1019,2,285.0,5,1
1611,46.0,4,3,3,1297,1,716.0,3,2
1612,29.0,4,3,3,415,2,449.0,4,1
1613,58.0,6,1,1,671,2,16.0,3,1
1614,40.0,0,2,2,2378,2,65.0,1,1
1615,34.0,4,1,3,417,2,138.0,1,1
1616,60.0,5,1,1,71,1,121.0,3,1
1617,43.0,4,1,3,1188,1,140.0,2,1
1618,50.0,1,1,1,8139,2,256.0,6,1
1619,33.0,1,1,2,249,2,61.0,4,1
1620,37.0,1,1,1,689,2,367.0,2,1
1621,55.0,6,1,2,203,2,9.0,5,1
1622,45.0,1,2,1,-183,1,395.0,4,1
1623,47.0,1,1,1,3451,1,125.0,2,1
1624,58.0,9,1,2,116,1,580.0,3,1
1625,36.0,7,1,2,1746,2,15.0,1,1
1626,55.0,9,1,2,0,2,119.0,2,1
1627,31.0,1,1,2,897,2,26.0,2,1
1628,38.0,9,1,2,821,2,224.0,2,1
1629,42.0,1,1,2,130,2,285.0,1,1
1630,32.0,4,3,3,1,2,399.0,4,1
1631,39.0,1,1,2,8,1,88.0,3,1
1632,41.0,9,1,2,55,2,185.0,4,1
1633,59.0,1,1,1,699,1,98.0,1,1
1634,42.0,10,3,2,759,1,97.0,1,1
1635,33.0,1,1,2,687,2,72.0,2,1
1636,53.0,5,1,2,4968,1,109.0,1,1
1637,43.0,1,1,1,1211,2,208.0,3,1
1638,39.0,6,2,3,426,1,1029.0,1,2
1639,27.0,2,2,2,376,2,273.0,1,1
1640,39.0,4,1,3,12,2,130.0,1,1
1641,27.0,1,2,2,23,1,590.0,2,1
1642,33.0,0,1,2,353,2,107.0,2,1
1643,29.0,7,3,2,330,2,88.0,2,1
1644,33.0,4,3,3,0,1,305.0,2,1
1645,41.0,2,1,2,353,1,90.0,2,1
1646,38.0,9,2,3,2273,2,222.0,1,1
1647,30.0,4,1,3,0,2,127.0,1,1
1648,58.0,10,1,3,744,1,38.0,1,1
1649,37.0,7,2,2,608,1,380.0,3,1
1650,36.0,0,3,2,356,2,244.0,3,1
1651,45.0,1,1,1,1291,2,189.0,17,1
1652,23.0,9,2,2,-306,2,217.0,2,1
1653,53.0,1,1,1,306,1,388.0,3,2
1654,44.0,1,1,1,-312,2,22.0,3,1
1655,32.0,9,2,2,493,1,289.0,2,1
1656,32.0,4,1,3,71,2,221.0,8,1
1657,38.0,0,1,3,669,2,129.0,2,1
1658,47.0,1,1,1,556,2,147.0,2,1
1659,34.0,7,2,2,84,2,299.0,1,1
1660,52.0,7,1,2,108,2,543.0,12,1
1661,45.0,0,2,2,-11,2,247.0,1,1
1662,50.0,1,1,1,1164,2,166.0,2,1
1663,52.0,1,3,1,-191,2,755.0,1,2
1664,37.0,1,1,2,132,1,336.0,2,1
1665,51.0,1,1,2,2237,2,619.0,1,1
1666,32.0,4,1,3,4761,2,159.0,2,1
1667,33.0,1,1,2,-346,2,29.0,3,1
1668,28.0,10,1,2,655,2,606.0,2,1
1669,66.0,4,1,3,1048,2,971.0,2,1
1670,31.0,7,2,2,0,2,231.0,2,1
1671,35.0,1,1,1,624,2,163.0,1,1
1672,47.0,7,2,4,1784,1,385.0,2,2
1673,36.0,0,2,2,1281,1,119.0,2,1
1674,32.0,9,2,3,569,1,348.0,1,1
1675,34.0,1,1,1,1666,2,30.0,1,1
1676,40.0,0,1,2,168,2,249.0,2,1
1677,33.0,6,1,3,263,1,119.0,2,1
1678,39.0,1,1,2,-405,2,177.0,1,1
1679,38.0,6,1,2,279,2,110.0,5,1
1680,32.0,9,2,2,0,1,594.0,4,2
1681,65.0,11,1,4,300,1,105.0,1,1
1682,34.0,10,2,3,415,1,123.0,1,1
1683,34.0,0,2,1,0,2,172.0,4,1
1684,42.0,1,2,1,1322,2,178.0,1,1
1685,31.0,7,1,2,1062,2,230.0,1,1
1686,47.0,9,1,2,302,2,89.0,3,1
1687,44.0,9,3,2,809,2,118.0,4,1
1688,38.0,3,1,2,-278,2,143.0,2,1
1689,28.0,4,2,3,3238,2,7.0,1,1
1690,46.0,0,2,2,751,2,104.0,2,1
1691,51.0,1,3,1,-28,1,220.0,2,1
1692,42.0,4,3,3,0,1,85.0,2,1
1693,37.0,9,2,2,2442,1,91.0,3,2
1694,58.0,10,1,3,1798,2,19.0,8,1
1695,43.0,0,1,2,132,1,574.0,1,2
1696,36.0,4,2,3,260,2,49.0,1,1
1697,34.0,1,1,2,7,2,171.0,2,1
1698,31.0,4,2,3,3283,1,258.0,1,2
1699,49.0,9,1,4,323,2,41.0,2,1
1700,54.0,4,1,3,2960,2,83.0,1,1
1701,29.0,10,2,2,486,1,95.0,1,1
1702,51.0,5,3,2,343,2,78.0,2,1
1703,40.0,10,3,2,507,2,134.0,1,1
1704,35.0,4,2,3,5958,2,215.0,1,2
1705,25.0,8,2,2,304,1,226.0,2,2
1706,32.0,1,2,2,118,2,1275.0,1,2
1707,30.0,6,1,2,123,1,66.0,1,1
1708,38.0,4,1,3,76,2,196.0,3,1
1709,46.0,0,1,2,70,2,229.0,2,2
1710,43.0,10,1,1,960,2,241.0,2,1
1711,32.0,9,2,3,2185,1,354.0,2,1
1712,29.0,1,2,2,309,2,471.0,3,1
1713,56.0,1,1,2,2190,1,90.0,2,1
1714,57.0,9,1,1,0,1,58.0,8,1
1715,38.0,0,1,2,3732,2,379.0,2,1
1716,51.0,9,1,1,1550,1,12.0,5,1
1717,35.0,0,2,3,62,1,67.0,1,1
1718,37.0,1,1,1,704,1,165.0,7,1
1719,48.0,4,1,2,4415,2,1032.0,3,2
1720,30.0,1,2,2,4,2,84.0,3,1
1721,60.0,5,1,2,262,1,393.0,4,1
1722,56.0,4,1,2,238,2,808.0,1,1
1723,45.0,1,1,1,97,2,923.0,3,1
1724,38.0,9,3,2,410,1,63.0,6,1
1725,20.0,8,2,2,1191,1,274.0,1,1
1726,59.0,5,1,1,-47,2,84.0,4,1
1727,34.0,9,1,3,197,1,78.0,3,2
1728,36.0,1,1,4,6,1,41.0,7,1
1729,53.0,0,2,2,2398,2,317.0,1,2
1730,51.0,4,1,3,630,2,138.0,1,1
1731,58.0,5,1,2,235,1,88.0,4,1
1732,48.0,4,1,1,1910,2,413.0,2,1
1733,56.0,4,1,3,3172,2,139.0,1,1
1734,51.0,1,1,1,872,1,82.0,2,1
1735,35.0,1,1,2,407,2,12.0,6,1
1736,40.0,0,2,2,100,2,221.0,1,2
1737,59.0,3,1,2,345,1,38.0,1,1
1738,44.0,4,3,3,2058,1,661.0,1,1
1739,49.0,3,1,1,889,1,388.0,1,2
1740,35.0,0,1,3,0,2,151.0,7,1
1741,41.0,4,1,3,51,1,140.0,8,1
1742,55.0,5,1,1,150,1,124.0,1,1
1743,51.0,6,1,2,34,1,200.0,1,1
1744,27.0,7,2,2,795,1,101.0,3,1
1745,57.0,1,1,1,282,1,261.0,12,1
1746,51.0,4,2,3,2139,1,176.0,2,1
1747,38.0,4,1,3,-469,2,209.0,12,1
1748,49.0,0,1,2,197,2,223.0,1,2
1749,40.0,9,2,3,825,2,38.0,1,1
1750,47.0,3,2,3,3232,1,541.0,1,1
1751,48.0,4,3,2,1598,2,84.0,1,1
1752,47.0,7,1,3,871,1,602.0,9,1
1753,56.0,7,1,2,83,1,26.0,11,1
1754,29.0,4,2,3,1445,1,328.0,2,2
1755,38.0,9,1,2,226,2,762.0,3,2
1756,32.0,4,1,3,-55,2,107.0,4,1
1757,42.0,0,2,2,243,2,46.0,5,1
1758,30.0,1,1,1,-336,1,128.0,6,1
1759,26.0,0,2,3,3672,2,360.0,5,1
1760,35.0,9,1,2,0,2,524.0,1,2
1761,35.0,9,1,2,251,2,128.0,3,1
1762,35.0,6,2,3,44,1,310.0,2,1
1763,57.0,1,1,2,2887,1,819.0,10,2
1764,29.0,0,2,2,1992,1,202.0,1,1
1765,32.0,1,2,2,2,1,144.0,2,1
1766,45.0,9,1,2,1415,2,311.0,1,1
1767,51.0,4,2,3,297,2,415.0,4,2
1768,31.0,9,2,2,1094,2,93.0,8,1
1769,50.0,6,1,4,-84,2,101.0,1,1
1770,38.0,1,2,2,-1,2,72.0,1,1
1771,37.0,4,1,3,347,2,282.0,1,1
1772,35.0,4,1,3,1253,2,210.0,2,1
1773,37.0,10,1,4,4565,1,369.0,1,1
1774,28.0,4,2,3,781,1,125.0,6,1
1775,-38.0,4,1,3,7124,1,301.0,6,1
1776,43.0,4,1,2,17555,1,14.0,14,1
1777,43.0,4,1,4,5172,2,57.0,3,1
1778,56.0,4,1,3,15520,1,420.0,1,1
1779,32.0,9,2,3,13711,2,638.0,1,1
1780,58.0,4,3,3,1533,1,137.0,2,1
1781,47.0,4,1,3,286,1,557.0,7,1
1782,31.0,1,2,2,-219,2,66.0,2,1
1783,38.0,4,1,3,0,2,206.0,1,1
1784,50.0,1,1,2,810,2,19.0,14,1
1785,32.0,1,1,2,300,1,166.0,2,1
1786,37.0,7,2,2,1175,2,102.0,1,1
1787,39.0,4,1,3,0,2,46.0,2,1
1788,40.0,7,1,2,113,2,126.0,1,1
1789,41.0,1,1,2,641,2,161.0,1,1
1790,45.0,9,1,2,1477,2,355.0,1,1
1791,31.0,0,1,2,0,2,40.0,2,1
1792,54.0,7,1,1,8,2,143.0,1,1
1793,39.0,0,3,2,399,2,133.0,2,1
1794,56.0,0,3,2,-435,2,185.0,2,1
1795,35.0,0,2,2,2830,1,22.0,12,1
1796,34.0,4,1,2,15,1,184.0,7,1
1797,31.0,9,2,2,125,1,78.0,2,1
1798,38.0,9,1,3,45,1,125.0,4,1
1799,41.0,9,1,3,13,1,189.0,2,1
1800,44.0,2,1,3,0,2,300.0,1,1
1801,49.0,1,1,2,579,2,396.0,1,1
1802,30.0,7,2,2,432,2,340.0,3,1
1803,31.0,7,2,2,1987,2,55.0,2,1
1804,34.0,4,1,2,857,2,238.0,6,1
1805,70.0,5,1,3,15834,1,172.0,3,1
1806,45.0,4,1,3,3370,1,36.0,3,1
1807,31.0,4,1,3,6290,1,303.0,2,1
1808,57.0,0,1,2,808,1,417.0,3,1
1809,40.0,7,1,4,4075,2,162.0,3,1
1810,28.0,1,1,2,373,2,10.0,9,1
1811,44.0,0,2,2,-101,2,99.0,1,1
1812,49.0,7,3,2,3250,1,32.0,3,1
1813,46.0,4,1,3,1375,2,308.0,3,1
1814,34.0,4,1,3,180,1,298.0,3,1
1815,58.0,9,1,2,175,1,92.0,4,1
1816,52.0,7,1,2,381,1,288.0,12,1
1817,27.0,1,1,2,2171,2,130.0,1,1
1818,48.0,9,1,2,340,2,255.0,2,1
1819,33.0,9,3,2,10,2,167.0,5,1
1820,46.0,0,1,2,4958,2,64.0,3,1
1821,51.0,3,1,4,21244,1,166.0,2,1
1822,31.0,4,1,3,156,1,657.0,7,2
1823,35.0,9,3,2,473,2,434.0,4,1
1824,37.0,0,2,2,781,1,75.0,1,1
1825,60.0,2,1,1,0,1,40.0,1,1
1826,40.0,9,1,2,1819,1,398.0,2,1
1827,50.0,4,1,3,4374,2,163.0,2,1
1828,34.0,2,1,2,456,2,137.0,8,1
1829,32.0,9,1,2,253,2,257.0,3,1
1830,36.0,7,2,2,774,2,231.0,2,1
1831,32.0,0,2,3,-59,1,192.0,1,1
1832,40.0,7,3,2,-81,1,186.0,1,1
1833,37.0,1,1,1,0,2,226.0,1,1
1834,57.0,4,1,3,0,2,67.0,1,1
1835,46.0,4,1,3,-3,1,205.0,2,1
1836,31.0,1,2,1,2488,2,14.0,1,1
1837,39.0,9,3,3,3,1,488.0,1,2
1838,35.0,4,1,2,839,2,50.0,3,1
1839,32.0,1,1,1,103,1,312.0,1,1
1840,44.0,9,3,2,316,2,163.0,3,1
1841,41.0,9,2,2,1680,2,76.0,2,1
1842,59.0,5,3,1,7179,1,150.0,1,1
1843,39.0,7,1,2,247,2,244.0,2,1
1844,54.0,4,1,3,8295,1,207.0,1,2
1845,27.0,7,2,2,261,2,113.0,1,1
1846,51.0,6,1,2,95,2,1309.0,4,2
1847,33.0,9,2,2,291,1,72.0,6,1
1848,38.0,1,1,1,2240,2,551.0,1,1
1849,52.0,2,1,3,0,1,163.0,3,1
1850,54.0,4,3,3,1295,2,179.0,10,1
1851,33.0,1,1,1,324,2,217.0,2,1
1852,50.0,9,1,2,669,2,88.0,1,1
1853,39.0,1,2,2,4143,2,21.0,1,1
1854,34.0,4,2,3,2646,1,142.0,1,2
1855,41.0,9,2,2,618,1,1056.0,1,1
1856,48.0,4,3,3,541,2,72.0,1,1
1857,38.0,7,1,2,434,2,411.0,1,1
1858,34.0,1,1,2,622,2,145.0,1,1
1859,32.0,1,1,2,0,2,80.0,2,1
1860,48.0,4,1,2,99,2,344.0,1,1
1861,28.0,7,2,2,290,2,128.0,1,1
1862,47.0,1,1,2,1230,2,412.0,1,2
1863,32.0,0,2,2,45,2,908.0,3,1
1864,32.0,0,1,2,923,2,819.0,4,1
1865,38.0,4,1,3,950,1,210.0,2,1
1866,86.0,5,1,2,1503,1,165.0,3,1
1867,47.0,9,1,2,65,1,118.0,8,1
1868,42.0,4,1,1,-679,2,159.0,1,1
1869,44.0,4,1,3,773,1,618.0,1,1
1870,25.0,8,2,4,10788,1,102.0,2,1
1871,34.0,7,3,2,991,2,89.0,1,1
1872,34.0,0,1,2,247,1,401.0,2,2
1873,53.0,1,1,1,4143,1,200.0,3,1
1874,42.0,1,1,4,-406,2,152.0,5,1
1875,30.0,1,2,2,180,1,203.0,1,1
1876,26.0,1,2,1,-887,2,827.0,2,2
1877,40.0,7,1,2,4157,2,735.0,1,1
1878,34.0,9,2,2,1386,2,185.0,6,1
1879,34.0,7,1,2,2211,1,149.0,1,1
1880,40.0,4,1,3,-495,1,303.0,2,1
1881,36.0,4,1,3,27359,2,71.0,2,1
1882,34.0,9,2,2,440,2,445.0,2,1
1883,32.0,1,2,2,135,2,232.0,2,1
1884,39.0,9,1,2,-735,2,144.0,5,1
1885,36.0,9,1,3,60,1,209.0,2,1
1886,39.0,9,3,2,902,2,691.0,2,2
1887,33.0,4,1,4,18347,2,415.0,1,1
1888,34.0,1,2,2,-72,2,273.0,5,1
1889,42.0,4,1,3,1205,1,376.0,2,2
1890,46.0,9,1,2,499,2,37.0,10,1
1891,32.0,4,2,3,656,2,148.0,2,1
1892,27.0,7,1,2,100,1,57.0,2,1
1893,35.0,9,3,2,69,2,461.0,3,1
1894,53.0,9,1,4,619,1,198.0,6,1
1895,29.0,7,2,2,192,1,327.0,4,1
1896,35.0,4,2,3,0,1,669.0,6,1
1897,49.0,4,1,3,87,1,165.0,1,1
1898,58.0,4,1,3,3228,1,58.0,2,1
1899,40.0,4,2,3,1361,1,1473.0,1,2
1900,19.0,8,2,4,0,1,123.0,3,1
1901,30.0,8,2,3,34,2,289.0,1,1
1902,34.0,9,2,2,318,1,239.0,5,1
1903,60.0,5,1,2,197,1,1386.0,1,1
1904,28.0,8,2,3,0,1,294.0,2,2
1905,46.0,4,1,3,273,2,910.0,2,2
1906,49.0,1,3,1,15,2,550.0,7,1
1907,59.0,4,3,3,7813,2,75.0,1,1
1908,44.0,9,2,2,-27,2,100.0,3,1
1909,33.0,9,1,3,75,1,204.0,4,1
1910,54.0,5,1,2,1139,2,155.0,1,1
1911,26.0,1,1,2,115,2,46.0,3,1
1912,54.0,1,1,2,0,1,1366.0,1,1
1913,48.0,3,1,1,7195,1,609.0,2,2
1914,30.0,7,2,3,-477,1,1532.0,2,2
1915,29.0,4,2,3,1026,1,226.0,1,2
1916,51.0,2,1,3,3921,2,168.0,1,1
1917,53.0,10,1,1,980,2,352.0,1,2
1918,43.0,1,1,2,-179,2,335.0,6,1
1919,34.0,0,1,3,2552,2,74.0,1,1
1920,40.0,2,1,3,1729,2,85.0,1,1
1921,43.0,9,1,2,434,2,117.0,1,1
1922,33.0,0,2,2,-300,2,184.0,1,1
1923,66.0,5,1,2,4785,1,72.0,3,1
1924,44.0,9,3,2,-329,2,171.0,1,1
1925,33.0,7,1,2,0,2,44.0,8,1
1926,31.0,9,2,2,391,1,336.0,2,1
1927,71.0,5,1,1,4657,1,93.0,5,2
1928,22.0,8,2,1,3472,1,332.0,1,2
1929,46.0,10,2,3,705,1,398.0,1,1
1930,32.0,7,1,2,255,2,86.0,2,1
1931,45.0,1,1,2,4365,1,45.0,2,1
1932,32.0,4,1,2,350,2,110.0,2,1
1933,49.0,1,1,1,474,2,152.0,3,1
1934,27.0,9,2,2,489,2,356.0,4,2
1935,46.0,2,1,2,757,1,382.0,3,1
1936,37.0,4,2,3,695,1,233.0,1,1
1937,30.0,10,2,2,-770,2,87.0,1,1
1938,44.0,6,3,2,80,2,387.0,2,1
1939,45.0,9,1,2,315,2,103.0,1,1
1940,27.0,8,2,2,213,1,378.0,1,2
1941,57.0,3,1,1,0,1,257.0,2,1
1942,66.0,4,1,3,2169,1,282.0,1,1
1943,40.0,0,3,2,212,1,176.0,1,1
1944,48.0,1,1,2,333,2,24.0,6,1
1945,33.0,1,2,2,4404,2,766.0,3,1
1946,42.0,7,3,2,257,2,955.0,2,2
1947,47.0,10,1,2,3188,2,426.0,3,1
1948,27.0,9,2,3,3083,2,244.0,2,1
1949,78.0,5,1,3,226,1,136.0,1,1
1950,50.0,7,1,1,1260,1,172.0,1,1
1951,46.0,2,2,3,1410,2,93.0,1,1
1952,41.0,0,3,2,6046,2,300.0,6,2
1953,36.0,0,2,3,980,1,118.0,4,1
1954,49.0,5,1,1,-37,1,191.0,2,1
1955,46.0,4,3,3,-154,2,107.0,2,1
1956,77.0,5,1,1,680,1,513.0,2,1
1957,30.0,9,2,3,799,2,91.0,18,1
1958,43.0,4,2,2,-1164,2,76.0,4,1
1959,44.0,1,1,2,2523,2,1236.0,2,1
1960,40.0,1,1,1,98,2,193.0,5,1
1961,38.0,1,1,1,3419,2,324.0,5,1
1962,25.0,10,2,3,343,1,377.0,1,2
1963,49.0,4,1,3,852,2,408.0,1,1
1964,33.0,1,1,1,50,2,246.0,2,1
1965,40.0,4,2,3,0,1,58.0,7,1
1966,44.0,1,1,1,10,2,196.0,1,1
1967,32.0,1,1,2,950,2,219.0,4,1
1968,52.0,4,1,3,0,2,197.0,1,1
1969,35.0,4,1,3,175,2,257.0,2,1
1970,35.0,9,1,2,-259,2,381.0,1,1
1972,42.0,9,1,2,-1310,2,162.0,1,1
1973,59.0,1,1,4,139,1,153.0,1,1
1974,44.0,9,2,2,7138,1,809.0,2,2
1975,50.0,0,3,2,1111,2,50.0,1,1
1976,27.0,1,2,2,113,1,39.0,17,1
1977,55.0,4,3,3,-612,1,131.0,2,1
1978,54.0,1,1,4,310,2,526.0,4,1
1979,31.0,10,2,2,-186,2,172.0,3,1
1980,56.0,0,1,4,2038,1,405.0,1,1
1981,51.0,6,1,3,833,1,77.0,3,1
1982,61.0,1,1,1,625,2,158.0,2,1
1983,34.0,9,2,2,105,2,146.0,2,1
1984,56.0,1,1,1,551,1,27.0,1,1
1985,29.0,8,2,4,145,1,105.0,1,1
1986,34.0,4,2,3,618,2,119.0,4,1
1987,35.0,7,2,2,1063,2,327.0,1,1
1988,56.0,0,3,2,985,1,150.0,2,1
1989,45.0,1,1,2,2926,2,482.0,3,1
1990,31.0,0,2,2,-449,2,81.0,2,1
1991,37.0,2,3,3,66,1,1164.0,2,2
1992,43.0,0,1,2,0,2,674.0,3,1
1993,40.0,4,1,4,419,2,347.0,1,1
1994,44.0,4,1,1,4758,2,712.0,6,2
1995,38.0,0,2,2,-23,1,48.0,2,1
1996,58.0,4,3,3,1573,2,279.0,1,1
1997,24.0,1,2,2,77,2,236.0,2,1
1998,53.0,7,1,2,1378,2,91.0,2,1
1999,36.0,1,1,2,-73,2,15.0,8,1
2000,28.0,1,1,1,60,2,161.0,1,1
2001,45.0,1,1,1,137,2,187.0,19,1
2002,32.0,0,2,3,1583,2,100.0,1,1
2003,46.0,0,1,2,-121,2,214.0,4,1
2004,28.0,1,2,2,1065,2,406.0,1,1
2005,51.0,10,1,2,-13,2,361.0,1,1
2006,51.0,1,1,1,1869,1,30.0,3,1
2007,30.0,9,2,2,4787,2,99.0,2,1
2008,39.0,9,1,2,-183,2,202.0,2,1
2009,28.0,1,1,1,702,2,318.0,2,1
2010,31.0,4,2,3,1494,1,275.0,12,1
2011,31.0,1,1,1,0,2,59.0,4,1
2012,38.0,4,1,3,46,1,70.0,4,1
2013,31.0,1,2,2,609,2,1126.0,1,1
2014,74.0,5,3,2,4079,1,343.0,3,2
2015,40.0,4,2,3,0,2,228.0,2,2
2016,43.0,9,1,2,7876,2,209.0,2,1
2017,34.0,9,2,3,925,2,709.0,1,2
2018,54.0,4,3,3,7010,1,275.0,2,1
2019,51.0,1,1,1,42,2,51.0,2,1
2020,33.0,1,1,2,285,1,267.0,1,1
2021,41.0,9,1,3,0,1,95.0,1,1
2022,33.0,4,2,3,3170,1,246.0,2,1
2023,48.0,0,1,2,8,1,46.0,1,1
2024,42.0,6,3,3,216,2,144.0,3,1
2025,35.0,4,2,3,2975,1,249.0,2,1
2026,25.0,0,1,2,894,2,328.0,1,1
2027,38.0,1,2,1,490,2,17.0,1,1
2028,45.0,2,1,2,245,2,126.0,3,1
2029,59.0,4,3,3,0,2,52.0,8,1
2030,47.0,4,1,4,150,1,52.0,1,1
2031,33.0,4,1,3,4,2,285.0,5,1
2032,59.0,4,1,1,1727,1,500.0,4,2
2033,41.0,1,3,1,664,1,955.0,5,2
2034,42.0,9,1,2,473,2,216.0,5,1
2035,51.0,9,3,3,0,1,84.0,7,1
2036,45.0,4,1,3,-192,2,138.0,3,1
2037,30.0,4,1,3,1942,2,436.0,2,2
2038,33.0,1,2,2,5137,2,123.0,1,1
2039,43.0,4,1,3,13044,1,36.0,4,1
2040,37.0,1,1,2,1053,1,405.0,3,1
2041,73.0,5,1,1,154,1,103.0,1,1
2042,43.0,1,1,2,625,2,175.0,1,1
2043,52.0,10,1,1,255,1,374.0,3,1
2044,44.0,4,1,3,529,2,129.0,4,1
2045,56.0,4,1,3,318,1,246.0,3,1
2046,21.0,7,2,2,1903,2,107.0,2,1
2047,43.0,11,1,3,1937,1,385.0,1,1
2048,54.0,4,1,1,3859,1,104.0,3,1
2049,59.0,9,1,1,4198,1,309.0,1,2
2050,52.0,1,1,1,230,2,198.0,2,1
2051,31.0,0,2,2,747,2,543.0,2,2
2052,53.0,0,1,2,263,1,143.0,7,1
2053,24.0,9,2,2,-46,2,23.0,1,1
2054,57.0,5,1,2,0,1,104.0,2,1
2055,48.0,9,1,2,568,2,378.0,2,2
2056,57.0,9,1,2,1469,2,364.0,1,1
2057,51.0,9,1,2,18,1,363.0,6,1
2058,50.0,4,3,3,201,2,248.0,1,1
2059,34.0,1,1,2,1412,2,157.0,2,1
2060,43.0,1,1,1,-93,2,402.0,2,1
2061,31.0,7,1,2,-331,2,203.0,5,1
2062,29.0,1,1,4,486,2,422.0,1,1
2063,39.0,1,1,1,694,2,44.0,1,1
2064,36.0,4,2,3,2806,2,358.0,4,1
2065,38.0,10,2,3,0,1,39.0,2,1
2066,56.0,4,3,3,2959,2,325.0,1,1
2067,41.0,3,3,1,22,2,238.0,3,1
2068,47.0,9,1,2,1167,2,968.0,1,2
2069,38.0,4,2,3,35,2,156.0,1,1
2070,80.0,5,1,2,8304,1,681.0,1,1
2071,37.0,7,1,2,4760,2,187.0,2,1
2072,44.0,4,2,3,-1313,2,104.0,10,1
2073,33.0,1,2,2,697,1,860.0,2,2
2074,53.0,9,1,2,230,1,112.0,2,1
2075,69.0,5,1,3,473,1,112.0,1,1
2076,46.0,9,1,2,1427,2,32.0,3,1
2077,30.0,4,2,3,201,2,325.0,2,2
2078,31.0,6,2,2,1086,1,410.0,1,1
2079,38.0,4,3,3,4335,2,640.0,1,1
2080,34.0,7,3,2,44,1,118.0,1,1
2081,48.0,11,1,4,286,1,166.0,2,1
2082,46.0,1,3,1,216,1,173.0,1,1
2083,42.0,0,1,2,214,2,21.0,24,1
2084,41.0,1,1,2,343,2,89.0,7,1
2085,33.0,1,1,2,-77,2,151.0,3,1
2086,39.0,1,1,1,1046,1,112.0,4,1
2087,27.0,8,2,2,1566,1,164.0,5,1
2088,26.0,4,2,3,592,1,145.0,2,1
2089,38.0,4,2,3,104,2,606.0,3,2
2090,48.0,1,1,2,0,2,105.0,1,1
2091,54.0,7,1,2,-22,1,85.0,1,1
2092,51.0,7,1,2,0,1,439.0,3,1
2093,47.0,9,1,2,72,1,278.0,1,1
2094,53.0,9,1,2,100,1,205.0,4,1
2095,35.0,1,1,1,319,2,221.0,1,1
2096,58.0,4,1,3,9339,2,52.0,3,1
2097,52.0,4,3,3,50,2,84.0,3,1
2098,57.0,5,1,2,32,2,476.0,3,1
2099,52.0,4,1,3,6922,1,371.0,1,1
2100,35.0,4,2,3,633,2,128.0,3,1
2101,48.0,9,1,2,4265,2,220.0,2,1
2102,46.0,2,1,3,2262,1,44.0,14,1
2103,39.0,7,1,2,1970,2,30.0,1,1
2104,38.0,6,3,3,1513,1,330.0,1,1
2105,34.0,2,1,2,4659,2,28.0,1,1
2106,47.0,2,1,1,668,1,908.0,1,1
2107,35.0,4,3,3,649,1,177.0,1,1
2108,46.0,1,3,1,452,2,113.0,4,1
2109,27.0,0,2,2,-145,2,289.0,8,1
2110,31.0,1,1,2,-498,2,357.0,1,1
2111,31.0,4,2,3,0,1,38.0,16,1
2112,46.0,0,1,2,22,2,414.0,4,1
2113,31.0,0,1,2,2304,2,257.0,2,1
2114,33.0,4,1,3,1412,2,480.0,1,2
2115,42.0,3,1,1,145,1,252.0,2,1
2116,33.0,4,2,1,4897,2,151.0,1,1
2117,40.0,3,1,1,1832,1,213.0,4,1
2118,51.0,1,1,1,3726,1,119.0,12,1
2119,31.0,10,1,3,591,1,161.0,2,1
2120,62.0,5,3,3,0,1,227.0,2,2
2121,24.0,8,2,2,508,2,12.0,3,1
2122,48.0,10,1,2,817,1,517.0,1,2
2123,41.0,9,3,2,348,2,225.0,2,1
2124,43.0,4,1,3,291,2,150.0,2,1
2125,52.0,9,1,2,3554,1,89.0,1,1
2126,54.0,1,1,1,781,2,103.0,2,1
2127,32.0,9,3,3,267,1,128.0,1,1
2128,38.0,1,1,1,1327,2,277.0,1,1
2129,41.0,0,1,1,-306,2,500.0,1,2
2130,31.0,1,2,1,864,2,113.0,2,1
2131,35.0,3,1,3,1265,2,326.0,5,2
2132,26.0,0,1,2,0,1,755.0,1,1
2133,52.0,9,1,3,214,1,161.0,3,1
2134,58.0,5,1,2,425,2,100.0,1,1
2135,57.0,3,1,3,3,1,142.0,2,1
2136,34.0,4,1,3,0,2,214.0,2,1
2137,59.0,1,1,1,0,1,167.0,2,1
2138,27.0,9,2,2,282,1,676.0,5,1
2139,42.0,2,1,3,0,1,236.0,1,1
2140,47.0,3,2,3,3727,1,993.0,6,2
2141,33.0,1,1,2,0,2,83.0,12,1
2142,31.0,7,2,2,864,2,100.0,1,1
2143,37.0,4,1,3,4089,2,289.0,2,2
2144,29.0,1,1,2,-478,1,528.0,2,1
2145,38.0,10,1,1,-363,1,340.0,2,1
2146,35.0,6,1,2,8883,1,33.0,3,1
2147,31.0,9,2,2,1970,1,284.0,3,1
2148,62.0,4,1,3,1859,1,245.0,3,2
2149,32.0,9,2,3,1059,2,115.0,1,1
2150,31.0,7,1,2,388,2,730.0,2,1
2151,51.0,1,3,1,602,2,347.0,1,1
2152,29.0,7,2,2,0,1,58.0,1,1
2153,43.0,1,1,1,255,2,180.0,1,1
2154,36.0,1,1,2,63,2,56.0,8,1
2155,34.0,6,1,1,712,2,326.0,3,1
2156,29.0,7,1,2,57,2,342.0,9,1
2157,57.0,5,1,2,523,1,49.0,6,1
2158,43.0,4,1,3,422,1,110.0,1,1
2159,33.0,7,1,2,386,1,253.0,1,2
2160,60.0,4,1,3,3387,1,636.0,2,1
2161,51.0,9,1,1,260,1,137.0,2,1
2162,40.0,0,2,2,-1,1,173.0,1,1
2163,51.0,9,1,2,1490,2,227.0,2,1
2164,38.0,7,1,2,497,2,88.0,5,1
2165,35.0,9,1,2,1707,2,426.0,3,1
2166,47.0,9,1,2,826,2,195.0,3,1
2167,45.0,1,1,1,907,1,230.0,8,1
2168,40.0,7,1,2,1836,2,750.0,2,2
2169,29.0,2,2,2,404,1,413.0,3,1
2170,52.0,4,3,3,907,2,104.0,2,1
2171,26.0,9,1,2,18,2,138.0,1,1
2172,31.0,1,2,1,-495,2,334.0,2,1
2173,55.0,7,1,4,1210,2,868.0,1,1
2174,35.0,7,1,2,819,2,102.0,14,1
2175,56.0,4,3,3,442,1,77.0,3,1
2176,28.0,1,2,2,-46,2,199.0,1,2
2177,27.0,8,2,2,671,2,332.0,2,1
2178,30.0,9,1,2,371,1,124.0,2,1
2179,51.0,12,1,3,-3,1,91.0,9,1
2180,33.0,4,1,2,11,2,104.0,3,1
2181,32.0,1,2,2,33,2,125.0,1,1
2182,43.0,2,1,2,104,2,635.0,3,2
2183,46.0,1,1,1,174,1,90.0,1,1
2184,32.0,4,1,3,3107,2,310.0,1,1
2185,40.0,7,1,2,1438,2,207.0,1,1
2186,39.0,1,1,2,1367,1,43.0,1,1
2187,51.0,1,1,1,-11,1,126.0,4,1
2188,46.0,0,2,2,1693,2,137.0,1,1
2189,43.0,1,1,1,778,2,284.0,5,1
2190,36.0,9,1,3,837,1,68.0,6,1
2191,48.0,4,1,3,363,1,67.0,1,1
2192,26.0,0,2,2,236,2,8.0,2,1
2193,39.0,0,2,4,0,2,62.0,1,1
2194,47.0,12,1,3,-50,1,175.0,1,1
2195,23.0,2,2,1,4,2,395.0,2,2
2196,54.0,4,3,3,26306,2,27.0,1,1
2197,38.0,0,1,2,46,2,195.0,1,1
2198,33.0,9,1,2,575,1,254.0,2,1
2199,35.0,0,3,2,148,1,199.0,1,1
2200,52.0,7,1,2,431,1,73.0,17,1
2201,25.0,9,2,3,777,2,351.0,1,1
2202,29.0,4,1,3,199,2,1689.0,4,2
2203,35.0,9,2,3,3552,1,267.0,1,1
2204,49.0,7,1,2,47,1,234.0,2,1
2205,41.0,0,3,2,3823,1,234.0,10,1
2206,32.0,4,1,3,138,1,94.0,4,1
2207,29.0,0,2,2,1117,2,77.0,2,1
2208,28.0,1,1,2,1325,2,242.0,1,1
2209,59.0,5,1,2,0,1,247.0,4,1
2210,34.0,2,1,3,4343,1,85.0,4,1
2211,55.0,4,3,3,1598,1,607.0,4,1
2212,34.0,4,1,3,3301,2,485.0,2,2
2213,24.0,8,2,2,822,1,184.0,1,2
2214,42.0,9,3,2,-280,2,258.0,1,1
2215,34.0,4,2,4,1534,2,156.0,1,1
2216,34.0,0,1,2,1671,1,160.0,1,1
2217,51.0,6,1,3,2007,1,1021.0,1,1
2218,58.0,1,1,1,0,2,5.0,25,1
2219,44.0,9,1,2,2776,2,701.0,1,2
2220,33.0,1,1,2,139,2,732.0,2,2
2221,34.0,4,1,3,573,1,122.0,1,1
2222,34.0,0,1,2,475,2,559.0,1,1
2223,42.0,1,3,2,47,2,141.0,1,1
2224,46.0,4,2,3,2154,2,87.0,4,1
2225,31.0,6,2,3,96,1,577.0,1,1
2226,39.0,2,1,3,83,2,193.0,2,1
2227,34.0,4,2,3,6766,1,210.0,5,1
2228,47.0,9,1,2,3973,1,732.0,2,1
2229,42.0,7,3,2,372,2,121.0,2,1
2230,48.0,1,2,2,-552,1,150.0,2,1
2231,30.0,6,2,3,48,1,140.0,1,1
2232,38.0,9,1,2,7696,2,386.0,2,1
2233,24.0,7,1,2,4500,2,733.0,2,2
2234,34.0,9,1,2,1,2,108.0,1,1
2235,46.0,4,2,3,46,1,80.0,1,1
2236,32.0,0,3,2,-18,2,155.0,3,1
2237,46.0,7,1,2,451,2,389.0,4,1
2238,26.0,6,1,3,479,2,133.0,3,1
2239,42.0,1,1,2,0,2,328.0,6,1
2240,50.0,9,1,2,1130,2,119.0,2,1
2241,41.0,1,1,1,389,2,87.0,6,1
2242,34.0,0,2,2,10,1,162.0,1,1
2243,32.0,12,1,2,401,2,294.0,2,1
2244,58.0,3,2,3,145,2,128.0,2,1
2245,45.0,9,1,2,115,2,108.0,1,1
2246,28.0,0,2,2,89,2,172.0,2,1
2247,35.0,9,1,2,94,2,208.0,5,1
2248,39.0,7,1,2,1438,2,212.0,2,1
2249,49.0,10,3,3,780,1,148.0,1,1
2250,50.0,4,1,3,207,2,99.0,1,1
2251,37.0,4,1,3,238,1,185.0,1,2
2252,45.0,1,1,1,2433,1,133.0,2,1
2253,30.0,3,2,2,1924,1,170.0,1,1
2254,48.0,10,1,3,-471,2,668.0,7,1
2255,36.0,4,2,3,1531,2,81.0,3,1
2256,41.0,4,2,2,764,1,230.0,2,1
2257,55.0,1,1,2,383,1,287.0,1,1
2258,70.0,5,1,1,3782,1,618.0,1,1
2259,41.0,4,1,3,326,2,788.0,1,2
2260,47.0,7,3,2,691,1,285.0,6,1
2261,34.0,9,2,2,0,1,163.0,2,1
2262,33.0,4,2,3,99,1,159.0,1,1
2263,58.0,5,1,2,502,2,197.0,2,1
2264,51.0,4,1,3,-15,1,212.0,2,1
2265,45.0,4,1,3,1929,2,44.0,15,1
2266,55.0,0,1,2,0,1,180.0,2,1
2267,30.0,1,2,1,185,1,11.0,1,1
2268,33.0,4,2,2,-424,2,863.0,1,1
2269,27.0,7,2,2,0,2,388.0,7,1
2270,59.0,5,1,2,319,2,143.0,3,1
2271,34.0,4,2,3,171,2,191.0,1,1
2272,47.0,9,3,3,-1148,2,62.0,2,1
2273,44.0,1,1,1,-11,2,13.0,1,1
2274,35.0,0,2,2,0,2,1073.0,1,2
2275,45.0,4,1,3,-206,2,337.0,2,1
2276,42.0,1,1,1,704,2,88.0,10,1
2277,38.0,9,1,2,1931,1,167.0,1,1
2278,34.0,9,2,2,943,1,96.0,4,1
2279,35.0,9,1,2,327,2,537.0,3,1
2280,29.0,4,2,2,-105,2,5.0,3,1
2281,58.0,5,1,2,983,1,139.0,1,1
2282,44.0,1,2,1,787,2,570.0,2,1
2283,45.0,2,1,3,0,2,100.0,3,1
2284,43.0,1,1,2,3060,2,253.0,2,1
2285,44.0,7,1,2,5780,2,525.0,2,1
2286,30.0,9,2,2,790,1,696.0,3,1
2287,38.0,10,1,3,1449,1,535.0,6,1
2288,50.0,9,1,2,1412,1,131.0,3,1
2289,21.0,8,2,2,681,1,6.0,1,1
2290,38.0,2,1,3,228,2,105.0,1,1
2291,42.0,0,1,2,0,1,370.0,1,1
2292,45.0,9,2,3,2087,1,29.0,14,1
2293,34.0,2,1,2,2,2,184.0,1,1
2294,48.0,9,1,2,197,1,47.0,2,1
2295,34.0,7,1,2,0,1,193.0,4,1
2296,32.0,1,1,2,1905,2,709.0,2,2
2297,35.0,9,1,3,118,1,358.0,2,1
2298,39.0,2,1,3,2644,2,253.0,1,1
2299,36.0,6,1,3,16430,2,197.0,3,1
2300,35.0,9,1,2,13,1,94.0,2,1
2301,57.0,7,3,2,14,1,445.0,2,1
2302,28.0,9,2,2,769,2,153.0,1,1
2303,43.0,0,1,4,3485,1,113.0,1,1
2304,57.0,4,1,2,139,1,80.0,1,1
2305,34.0,7,3,2,202,2,318.0,1,1
2306,36.0,9,1,3,6,2,100.0,1,1
2307,47.0,4,3,3,2515,1,40.0,3,1
2308,36.0,4,3,3,5195,2,55.0,25,1
2309,33.0,4,1,3,2098,1,67.0,1,1
2310,57.0,4,1,3,320,1,76.0,2,1
2311,57.0,4,1,3,3431,2,73.0,1,1
2312,34.0,0,1,2,50,2,89.0,2,1
2313,51.0,3,3,3,370,2,109.0,3,1
2314,54.0,1,3,1,-182,1,98.0,1,1
2315,52.0,6,2,3,1623,2,21.0,17,1
2316,43.0,2,1,3,13342,2,465.0,1,1
2317,58.0,5,2,1,6570,1,106.0,3,1
2318,53.0,0,1,2,225,2,304.0,1,1
2319,44.0,4,1,2,-665,1,342.0,3,1
2320,29.0,4,2,3,0,1,16.0,25,1
2321,27.0,7,2,2,54,2,543.0,2,2
2322,35.0,1,1,1,46,1,338.0,3,1
2323,40.0,6,1,2,2,1,197.0,5,1
2324,34.0,1,1,2,103,2,956.0,2,1
2325,38.0,0,2,2,883,2,95.0,1,1
2326,32.0,7,1,2,55,2,546.0,9,1
2327,41.0,0,1,2,8238,2,124.0,4,1
2328,25.0,1,2,2,913,2,113.0,4,1
2329,38.0,1,3,2,595,2,245.0,3,1
2330,26.0,9,2,2,7,2,188.0,2,1
2331,37.0,9,2,3,1661,1,199.0,5,1
2332,30.0,4,1,3,102,2,470.0,7,2
2333,36.0,7,1,2,338,1,90.0,1,1
2334,33.0,4,1,2,3132,2,350.0,5,1
2335,33.0,0,2,3,490,2,31.0,1,1
2336,35.0,4,1,3,2682,2,156.0,1,1
2337,24.0,7,1,3,0,2,299.0,1,1
2338,29.0,10,1,2,596,1,510.0,2,1
2339,54.0,1,1,2,2059,2,177.0,4,1
2340,27.0,0,1,2,132,1,123.0,2,1
2341,34.0,4,1,2,0,1,270.0,1,1
2342,39.0,1,1,1,385,2,225.0,4,1
2343,38.0,4,1,3,223,1,63.0,1,1
2344,37.0,4,1,3,0,2,247.0,13,1
2345,26.0,7,2,2,512,2,206.0,5,1
2346,36.0,2,1,3,1169,2,168.0,2,1
2347,35.0,12,2,3,71,2,836.0,12,1
2348,30.0,4,2,3,940,1,131.0,2,1
2349,25.0,9,2,2,-80,2,89.0,1,1
2350,34.0,9,1,2,0,2,116.0,4,1
2351,52.0,11,1,4,1317,1,58.0,1,1
2352,39.0,0,1,2,179,1,36.0,1,1
2353,34.0,4,1,2,1007,2,240.0,2,1
2354,34.0,4,2,2,0,1,132.0,4,1
2355,30.0,7,1,2,1286,2,544.0,1,1
2356,33.0,7,1,2,804,2,266.0,1,1
2357,30.0,8,2,2,4,1,443.0,2,1
2358,51.0,1,1,1,0,2,324.0,1,1
2359,36.0,7,2,2,417,2,15.0,10,1
2360,48.0,1,1,1,1678,1,263.0,2,1
2361,37.0,7,3,2,532,2,199.0,1,1
2362,58.0,4,1,2,407,2,145.0,2,1
2363,56.0,4,3,3,659,1,56.0,1,1
2364,34.0,1,1,2,393,2,11.0,9,1
2365,33.0,0,3,2,661,2,411.0,1,1
2366,26.0,7,2,2,0,1,165.0,23,1
2367,40.0,4,2,4,838,2,619.0,3,1
2368,35.0,7,1,2,195,2,203.0,1,1
2369,45.0,2,1,2,68,2,254.0,1,1
2370,37.0,9,2,2,-242,2,1149.0,6,2
2371,35.0,4,3,3,321,2,189.0,1,1
2372,43.0,7,2,2,3403,2,707.0,2,2
2373,28.0,1,1,2,8,2,196.0,1,1
2374,32.0,1,3,2,739,2,171.0,1,1
2375,26.0,10,2,2,622,1,1451.0,2,2
2376,35.0,7,1,2,152,2,563.0,1,2
2377,35.0,9,2,2,2,1,23956498.0,4,1
2378,39.0,1,1,2,1439,2,73.0,6,1
2379,42.0,1,3,2,1491,2,203.0,2,1
2380,32.0,9,2,2,6402,2,158.0,1,1
2381,30.0,10,1,2,1210,1,100.0,4,1
2382,26.0,4,2,3,122,1,160.0,1,1
2383,30.0,8,2,2,0,2,661.0,1,1
2384,32.0,4,1,3,62,2,166.0,1,1
2385,47.0,7,1,2,3333,2,114.0,2,1
2386,33.0,9,1,3,16992,2,58.0,1,1
2387,57.0,1,1,1,23,2,25.0,8,1
2388,35.0,0,1,2,0,2,121.0,2,1
2389,53.0,9,1,3,6072,1,226.0,4,1
2390,24.0,5,2,2,366,1,234.0,2,1
2391,54.0,4,3,3,0,1,88.0,1,1
2392,31.0,4,1,3,1343,2,85.0,1,1
2393,41.0,2,1,2,2105,2,134.0,1,1
2394,44.0,11,1,2,2319,1,251.0,3,1
2395,35.0,7,2,2,35,2,152.0,1,1
2396,30.0,4,1,3,877,1,202.0,1,1
2397,43.0,1,2,1,30,2,379.0,17,1
2398,51.0,2,1,2,-2082,1,123.0,6,1
2399,60.0,5,1,2,89,1,156.0,2,1
2400,43.0,6,1,2,104,1,332.0,1,1
2401,31.0,4,1,3,1750,2,90.0,3,1
2402,56.0,4,1,1,772,2,291.0,1,1
2403,42.0,9,1,2,1048,2,23.0,2,1
2404,52.0,2,1,1,592,1,122.0,2,1
2405,40.0,9,1,2,0,2,105.0,2,1
2406,36.0,7,1,2,3064,2,1143.0,4,1
2407,40.0,7,1,1,33,1,70.0,3,1
2408,46.0,1,1,2,0,2,264.0,2,1
2409,32.0,0,2,2,1649,1,204.0,2,1
2410,31.0,3,2,3,287,2,182.0,1,1
2411,41.0,9,3,2,0,2,386.0,2,1
2412,58.0,3,1,1,419,1,295.0,3,1
2413,36.0,7,1,2,257,2,86.0,2,1
2414,52.0,9,1,2,118,1,16.0,20,1
2415,42.0,4,1,3,251,1,413.0,2,1
2416,32.0,4,2,3,1731,2,323.0,3,1
2417,62.0,4,1,3,0,1,78.0,3,1
2418,31.0,9,2,3,23,1,121.0,3,1
2419,41.0,1,2,2,-386,1,477.0,1,2
2420,34.0,6,1,3,5498,1,265.0,1,1
2421,44.0,4,2,3,5063,1,418.0,2,2
2422,42.0,1,1,1,7041,2,386.0,4,1
2423,37.0,2,2,2,654,1,594.0,2,1
2424,47.0,4,1,3,1890,1,161.0,1,1
2425,32.0,10,1,2,2400,2,450.0,3,1
2426,46.0,1,1,2,519,2,217.0,6,1
2427,39.0,9,2,3,1190,1,136.0,1,1
2428,28.0,7,2,2,229,2,322.0,1,1
2429,26.0,8,2,2,203,1,104.0,1,1
2430,52.0,9,1,2,1818,1,189.0,2,1
2431,42.0,10,1,2,1289,1,250.0,4,2
2432,33.0,9,3,3,39,1,123.0,5,1
2433,73.0,5,1,1,796,1,427.0,1,2
2434,35.0,0,2,2,57,1,632.0,2,1
2435,40.0,4,1,3,1548,2,101.0,3,1
2436,51.0,9,1,2,117,1,467.0,2,2
2437,37.0,0,2,2,0,2,640.0,2,1
2438,39.0,4,1,3,691,2,517.0,1,1
2439,28.0,1,1,2,64,2,160.0,3,1
2440,49.0,9,3,3,0,2,177.0,3,1
2441,36.0,0,1,2,957,2,206.0,1,1
2442,45.0,9,1,2,118,2,208.0,2,1
2443,29.0,9,2,3,218,2,169.0,1,1
2444,35.0,4,1,2,724,2,287.0,2,2
2445,35.0,3,1,3,20,2,505.0,3,1
2446,30.0,1,1,2,-28,2,284.0,2,1
2447,46.0,1,1,1,665,1,89.0,4,1
2448,25.0,8,2,3,5,1,138.0,1,1
2449,36.0,4,1,3,925,1,321.0,3,2
2450,42.0,1,1,1,2519,2,262.0,4,1
2451,57.0,0,1,2,3927,1,61.0,1,1
2452,42.0,4,3,3,401,2,217.0,9,1
2453,29.0,4,1,3,581,2,192.0,2,1
2454,36.0,9,1,3,1327,1,174.0,2,1
2455,31.0,10,1,2,3242,1,292.0,2,1
2456,59.0,9,1,1,3163,2,240.0,2,1
2457,50.0,10,3,2,32,1,282.0,2,1
2458,47.0,0,1,2,310,2,128.0,6,1
2459,46.0,3,1,1,0,1,161.0,1,1
2460,26.0,1,2,1,155,2,291.0,1,1
2461,31.0,7,2,2,11386,2,356.0,1,1
2462,30.0,7,1,3,1380,2,294.0,2,1
2463,47.0,1,2,4,2443,1,422.0,1,1
2464,23.0,9,2,3,1129,2,806.0,1,2
2465,44.0,10,2,1,4232,1,227.0,1,1
2466,42.0,6,1,2,5564,1,560.0,2,1
2467,32.0,7,2,2,-402,2,135.0,1,1
2468,28.0,0,2,2,1323,2,361.0,1,1
2469,57.0,5,1,1,1623,2,246.0,1,1
2470,38.0,9,1,3,1042,2,419.0,2,1
2471,22.0,8,2,2,2488,1,449.0,2,2
2472,54.0,0,1,2,865,2,71.0,1,1
2473,32.0,9,1,3,-1053,2,357.0,3,1
2474,32.0,4,1,3,1667,2,164.0,2,1
2475,59.0,0,3,2,975,2,263.0,4,1
2476,45.0,9,1,2,2571,1,146.0,2,1
2477,53.0,11,1,1,732,1,759.0,2,2
2478,50.0,0,3,2,769,1,72.0,2,1
2479,34.0,9,1,2,-136,2,131.0,2,1
2480,35.0,0,3,2,3636,1,808.0,2,2
2481,30.0,12,1,3,931,1,1183.0,1,1
2482,62.0,3,1,2,565,1,123.0,3,1
2483,40.0,1,1,2,271,2,483.0,2,1
2484,26.0,6,2,3,1153,1,238.0,3,1
2485,34.0,4,1,3,-73,2,90.0,1,1
2486,50.0,11,1,4,558,1,464.0,1,2
2487,31.0,11,3,3,137,1,385.0,9,1
2488,35.0,9,1,2,700,2,240.0,2,1
2489,55.0,5,1,1,-966,1,104.0,1,1
2490,34.0,0,1,2,96,1,109.0,2,1
2491,58.0,5,1,1,4007,1,598.0,4,1
2492,50.0,4,2,3,567,2,274.0,8,1
2493,31.0,9,2,2,40,1,123.0,2,1
2494,47.0,0,3,2,136,1,70.0,1,1
2495,38.0,6,2,3,917,2,260.0,1,1
2496,46.0,4,2,3,593,2,190.0,3,1
2497,42.0,1,1,1,505,2,521.0,2,1
2498,34.0,1,1,2,2542,2,228.0,1,1
2499,37.0,4,1,3,5355,1,466.0,4,2
2500,38.0,8,2,3,807,1,74.0,2,1
2501,59.0,5,1,2,9976,2,57.0,2,1
2502,32.0,0,1,2,0,1,119.0,3,1
2503,55.0,4,1,3,540,1,124.0,2,1
2504,35.0,1,1,2,280,2,65.0,50,1
2505,56.0,4,3,3,-59,1,127.0,6,1
2506,27.0,0,1,2,-517,2,172.0,3,1
2507,42.0,10,2,2,2613,2,174.0,6,1
2508,42.0,8,1,4,-7,1,41.0,6,1
2509,41.0,1,1,1,0,2,232.0,3,1
2510,53.0,5,3,2,-200,1,161.0,1,1
2511,67.0,5,1,1,2301,1,124.0,1,1
2512,53.0,3,1,1,104,1,701.0,1,2
2513,33.0,1,1,1,191,2,162.0,2,1
2514,31.0,9,2,4,694,2,431.0,2,1
2515,31.0,0,1,2,212,2,191.0,3,1
2516,30.0,4,1,3,1882,2,249.0,5,1
2517,48.0,1,1,4,131,2,189.0,1,1
2518,30.0,9,2,2,175,1,167.0,4,1
2519,43.0,9,2,3,0,1,73.0,4,1
2520,38.0,4,3,3,4425,2,162.0,1,1
2521,46.0,10,1,2,3533,2,235.0,2,1
2522,59.0,1,3,2,3573,1,44.0,1,1
2523,44.0,4,3,3,476,2,127.0,2,1
2524,35.0,1,1,2,1257,2,93.0,3,1
2525,55.0,1,1,4,23,1,143.0,1,1
2526,39.0,4,2,3,0,2,81.0,2,1
2527,36.0,7,2,2,398,2,77.0,2,1
2528,33.0,1,1,2,745,2,115.0,4,1
2529,48.0,4,2,3,8106,1,125.0,1,1
2530,33.0,4,2,3,0,1,53.0,4,1
2531,67.0,5,1,4,696,1,77.0,2,1
2532,48.0,10,3,2,1266,2,45.0,1,1
2533,57.0,4,1,3,2416,1,74.0,2,1
2534,31.0,3,1,1,25,1,169.0,5,1
2535,30.0,8,2,3,7513,1,269.0,2,1
2536,56.0,2,3,1,29,1,52.0,2,1
2537,26.0,1,1,1,5116,2,246.0,3,1
2538,44.0,4,1,2,-1746,2,218.0,1,1
2539,44.0,9,3,2,14,1,167.0,1,2
2540,31.0,4,1,3,4148,2,316.0,3,2
2541,47.0,6,1,4,14,2,142.0,1,1
2542,30.0,0,2,2,105,2,75.0,1,1
2543,37.0,4,1,3,767,1,204.0,1,1
2544,56.0,0,3,1,0,1,542.0,1,1
2545,43.0,4,2,2,-228,2,122.0,2,1
2546,42.0,7,1,2,508,2,70.0,1,1
2547,60.0,4,1,2,725,2,266.0,1,1
2548,34.0,1,1,4,41,2,34.0,9,1
2549,34.0,4,2,3,184,1,203.0,4,1
2550,41.0,4,1,3,251,1,85.0,3,1
2551,38.0,4,3,2,-17,1,11.0,4,1
2552,23.0,7,1,2,-19,2,13.0,10,1
2553,33.0,4,1,3,1064,2,562.0,1,2
2554,36.0,1,1,2,777,2,185.0,3,1
2555,49.0,10,1,3,377,1,158.0,1,1
2556,34.0,0,3,2,479,2,515.0,1,2
2557,40.0,9,3,2,-375,2,60.0,5,1
2558,72.0,5,1,1,796,1,173.0,2,1
2559,43.0,9,1,2,17,2,353.0,4,1
2560,44.0,1,1,2,1071,2,143.0,3,1
2561,35.0,0,1,2,0,2,18.0,5,1
2562,46.0,0,3,2,7378,1,466.0,1,1
2563,55.0,0,1,2,865,2,85.0,1,1
2564,50.0,9,3,2,-701,2,148.0,1,1
2565,23.0,1,2,4,817,2,123.0,1,1
2566,34.0,8,1,4,1387,1,121.0,1,1
2567,40.0,1,1,2,0,2,245.0,3,1
2568,61.0,5,1,2,2917,1,215.0,1,2
2569,53.0,9,1,2,4541,2,190.0,6,1
2570,57.0,9,1,2,0,1,44.0,1,1
2571,28.0,1,1,2,4287,1,171.0,1,1
2572,25.0,0,1,2,242,2,62.0,12,1
2573,38.0,1,1,2,171,2,172.0,1,1
2574,27.0,7,2,2,259,2,78.0,10,1
2575,45.0,1,1,2,827,2,319.0,5,1
2576,31.0,7,2,2,469,1,111.0,1,1
2577,39.0,1,1,1,2226,2,158.0,1,1
2578,42.0,9,1,2,0,1,82.0,12,1
2579,46.0,4,1,3,477,2,128.0,6,1
2580,36.0,7,1,2,42,2,102.0,4,1
2581,30.0,4,2,3,775,2,124.0,2,1
2582,32.0,1,1,2,9,2,334.0,2,1
2583,52.0,9,1,3,2557,1,134.0,5,2
2584,31.0,4,1,3,2395,1,218.0,1,1
2585,60.0,4,1,1,4895,1,313.0,1,1
2586,35.0,1,2,2,376,2,207.0,3,1
2587,38.0,4,1,3,389,2,262.0,1,1
2588,46.0,4,3,3,134,1,134.0,2,1
2589,45.0,2,3,3,1273,2,197.0,3,1
2590,59.0,7,1,2,0,2,214.0,3,1
2591,34.0,4,1,3,2892,2,1165.0,7,1
2592,33.0,9,3,2,0,2,177.0,2,1
2593,46.0,4,2,2,295,2,141.0,6,1
2594,48.0,0,1,2,292,2,164.0,6,1
2595,31.0,7,2,2,85,1,151.0,1,1
2596,32.0,9,1,2,4,1,145.0,2,1
2597,35.0,1,3,1,-587,2,111.0,1,1
2598,36.0,1,2,1,367,1,217.0,1,1
2599,52.0,4,1,3,-1224,2,253.0,4,1
2600,45.0,4,3,3,959,1,74.0,1,1
2601,34.0,4,1,3,0,1,263.0,2,1
2602,25.0,1,1,1,-589,2,233.0,1,1
2603,26.0,4,2,3,-8,1,402.0,2,1
2604,57.0,4,1,4,0,1,585.0,1,1
2605,48.0,4,1,1,247,2,145.0,1,1
2606,48.0,9,1,4,5543,1,143.0,5,1
2607,32.0,1,1,1,642,1,524.0,1,1
2608,58.0,5,1,2,11,1,270.0,1,1
2609,57.0,4,1,1,-226,2,272.0,1,1
2610,31.0,2,1,3,5191,1,187.0,2,1
2611,33.0,1,2,2,-320,1,268.0,2,1
2612,53.0,2,1,3,2289,2,183.0,1,1
2613,36.0,0,1,2,725,2,123.0,3,1
2614,32.0,9,2,3,705,2,20.0,4,1
2615,45.0,1,1,2,776,2,232.0,4,1
2616,35.0,10,1,3,816,2,547.0,7,1
2617,41.0,7,1,2,171,1,71.0,9,1
2618,54.0,7,1,2,812,1,113.0,6,1
2619,49.0,7,1,2,823,1,780.0,4,2
2620,28.0,9,2,2,1453,2,246.0,1,1
2621,24.0,1,2,4,431,2,108.0,12,1
2622,30.0,0,2,2,1009,2,253.0,1,1
2623,32.0,6,1,1,286,2,175.0,1,1
2624,53.0,2,1,3,22370,2,106.0,1,1
2625,42.0,1,1,1,2111,2,86.0,2,1
2626,48.0,1,1,1,5366,2,248.0,3,1
2627,33.0,9,1,2,181,2,265.0,2,1
2628,31.0,1,3,2,-452,2,182.0,5,1
2629,56.0,10,3,1,1770,1,916.0,3,1
2630,58.0,5,1,1,0,1,506.0,1,1
2631,37.0,0,2,2,-296,2,81.0,1,1
2632,59.0,4,1,1,2358,2,30.0,1,1
2633,50.0,4,2,3,1200,1,904.0,3,2
2634,39.0,3,2,1,109,2,699.0,3,1
2635,30.0,9,1,2,616,2,19.0,1,1
2636,47.0,7,3,2,4906,2,389.0,1,1
2637,44.0,6,1,2,313,1,211.0,4,1
2638,38.0,1,1,1,290,2,283.0,1,1
2639,50.0,4,1,3,1240,1,474.0,2,1
2640,27.0,0,2,3,3672,2,157.0,2,1
2641,73.0,5,1,2,19,1,509.0,2,1
2642,46.0,1,1,1,143,2,279.0,1,1
2643,56.0,5,3,2,212,1,27.0,1,1
2644,36.0,4,1,3,9,1,386.0,4,2
2645,33.0,1,1,1,3074,1,679.0,1,1
2646,40.0,12,1,3,1734,2,169.0,1,1
2647,52.0,4,1,3,575,1,315.0,1,1
2648,51.0,1,1,2,397,2,293.0,2,1
2649,33.0,1,1,2,640,2,439.0,3,1
2650,54.0,7,1,2,158,2,198.0,1,1
2651,44.0,4,1,2,2984,2,770.0,2,1
2652,50.0,2,1,2,1011,2,340.0,2,1
2653,45.0,1,2,2,0,2,1472.0,1,2
2654,36.0,4,1,3,1133,2,293.0,1,2
2655,42.0,9,1,2,4945,2,311.0,2,2
2656,37.0,9,1,2,712,2,291.0,2,1
2657,28.0,7,2,2,-427,2,965.0,2,1
2658,56.0,0,1,2,2146,1,594.0,1,1
2659,59.0,0,1,2,92,2,139.0,2,1
2660,32.0,10,1,2,10,2,501.0,4,1
2661,57.0,5,1,1,1238,2,274.0,1,1
2662,49.0,0,2,2,981,2,10.0,3,1
2663,56.0,2,1,4,575,1,18.0,2,1
2664,48.0,0,3,4,-70,1,243.0,1,1
2665,27.0,8,2,3,3733,2,198.0,1,2
2666,31.0,4,2,3,574,2,410.0,2,1
2667,28.0,1,2,2,43,1,190.0,1,1
2668,36.0,4,1,3,428,1,121.0,1,1
2669,58.0,3,1,1,0,2,148.0,1,1
2670,46.0,0,1,2,0,2,239.0,2,1
2671,32.0,4,2,3,474,2,90.0,3,1
2672,39.0,7,1,2,-540,1,29.0,1,1
2673,35.0,6,1,3,560,2,58.0,1,1
2674,31.0,4,1,3,325,2,1139.0,2,2
2675,29.0,4,2,3,437,1,504.0,1,2
2676,48.0,1,1,1,574,1,348.0,1,1
2677,60.0,5,1,1,0,1,130.0,3,1
2678,74.0,5,1,2,935,1,100.0,1,1
2679,30.0,7,1,2,699,2,544.0,1,1
2680,52.0,0,2,1,0,1,182.0,11,1
2681,24.0,1,1,2,-220,2,90.0,1,1
2682,29.0,7,1,2,11417,2,272.0,2,1
2683,33.0,3,1,1,212,2,260.0,2,1
2684,34.0,1,1,2,67,2,672.0,3,1
2685,45.0,0,3,2,0,1,264.0,1,2
2686,31.0,1,1,2,0,1,275.0,2,1
2687,45.0,9,1,2,1673,1,76.0,1,1
2688,27.0,7,1,2,-1202,2,749.0,2,1
2689,30.0,4,2,3,4213,1,142.0,4,1
2690,45.0,1,1,1,0,1,454.0,2,1
2691,57.0,1,1,2,1521,2,102.0,2,1
2692,34.0,4,1,3,1310,1,521.0,3,1
2693,40.0,0,1,2,0,2,57.0,1,1
2694,39.0,4,1,3,399,1,504.0,1,1
2695,46.0,9,1,3,405,1,138.0,3,1
2696,55.0,4,3,3,9756,2,103.0,2,2
2697,25.0,4,2,3,2506,1,485.0,1,2
2698,34.0,4,1,3,697,1,166.0,1,1
2699,37.0,1,1,1,403,2,318.0,2,1
2700,64.0,5,3,3,890,1,531.0,3,1
2701,45.0,9,3,2,809,2,155.0,2,1
2702,57.0,3,1,2,158,2,73.0,1,1
2703,21.0,8,2,4,137,2,198.0,3,1
2704,58.0,3,1,2,2705,1,137.0,1,1
2705,41.0,1,2,2,75,2,479.0,9,2
2706,41.0,4,1,4,2457,2,285.0,1,1
2707,58.0,4,1,3,541,2,98.0,1,1
2708,33.0,4,1,3,287,2,199.0,2,1
2709,32.0,4,1,3,273,2,97.0,3,1
2710,44.0,7,3,2,0,2,389.0,5,1
2711,47.0,11,1,4,677,1,384.0,1,1
2712,41.0,6,1,1,340,1,37.0,3,1
2713,54.0,9,1,3,98,1,420.0,4,1
2714,47.0,9,3,3,477,2,973.0,1,1
2715,32.0,4,2,3,2629,1,77.0,4,1
2716,59.0,3,1,3,0,1,376.0,2,1
2717,29.0,9,2,3,2325,1,125.0,1,2
2718,48.0,7,1,2,-20,1,142.0,2,1
2719,32.0,9,2,2,230,2,442.0,1,2
2720,46.0,4,3,2,-852,1,728.0,2,1
2721,31.0,1,2,1,-280,1,281.0,3,1
2722,53.0,1,1,2,25,1,528.0,2,2
2723,34.0,9,2,3,9851,2,128.0,5,1
2724,48.0,7,2,4,5095,2,71.0,1,1
2725,32.0,9,1,2,687,1,161.0,4,1
2726,31.0,4,1,2,1368,2,129.0,4,1
2727,27.0,1,2,1,-179,2,54.0,2,1
2728,60.0,0,1,2,-396,2,443.0,1,1
2729,34.0,1,2,3,1011,2,136.0,1,1
2730,52.0,6,1,2,9,1,44.0,1,1
2731,48.0,1,1,2,1159,2,1181.0,9,1
2732,45.0,9,1,1,-322,1,225.0,2,1
2733,54.0,9,3,2,1114,2,81.0,1,1
2734,52.0,7,1,2,2072,1,224.0,1,1
2735,47.0,2,1,3,459,2,189.0,4,1
2736,54.0,11,1,2,1157,1,98.0,2,1
2737,34.0,1,1,2,8309,2,50.0,1,1
2738,39.0,9,2,3,1043,1,195.0,10,1
2739,46.0,9,1,2,2098,1,110.0,2,1
2740,26.0,10,2,2,461,1,214.0,1,1
2741,37.0,9,2,2,61,2,182.0,8,1
2742,47.0,1,1,2,1203,2,239.0,2,1
2743,35.0,9,1,2,1067,1,179.0,6,1
2744,57.0,10,1,1,0,1,540.0,1,1
2745,34.0,4,1,3,1657,2,566.0,2,1
2746,47.0,9,1,2,1219,1,697.0,4,2
2747,27.0,9,1,2,7,2,98.0,2,1
2748,40.0,1,1,2,-839,2,1018.0,2,2
2749,39.0,9,1,2,994,1,221.0,1,1
2750,36.0,2,1,3,6,1,246.0,1,1
2751,42.0,9,2,2,0,1,656.0,2,1
2752,23.0,1,2,1,8627,2,281.0,1,1
2753,34.0,4,1,3,133,2,65.0,1,1
2754,34.0,1,1,2,247,2,193.0,5,1
2755,49.0,7,1,2,1114,1,283.0,1,1
2756,57.0,1,1,1,1592,1,78.0,4,1
2757,59.0,5,1,4,0,1,425.0,6,1
2758,57.0,0,1,3,46,1,238.0,2,1
2759,34.0,1,1,2,1221,2,182.0,1,1
2760,61.0,4,1,2,985,1,998.0,6,2
2761,35.0,1,3,2,0,2,477.0,1,1
2762,42.0,4,1,3,520,1,158.0,1,1
2763,57.0,7,1,3,10,1,320.0,3,1
2764,42.0,1,1,2,2157,2,149.0,1,1
2765,53.0,5,1,2,6095,2,410.0,5,1
2766,63.0,5,1,3,133,2,104.0,2,1
2767,47.0,6,1,2,1121,1,454.0,6,1
2768,54.0,7,1,2,88,2,190.0,1,1
2769,45.0,0,1,2,0,1,145.0,10,1
2770,28.0,4,2,3,-328,2,318.0,2,1
2771,58.0,10,1,2,610,2,246.0,2,1
2772,48.0,4,2,3,414,1,761.0,2,1
2773,35.0,4,3,3,0,2,171.0,1,2
2774,37.0,6,1,3,0,1,143.0,1,1
2775,37.0,1,1,2,685,2,968.0,1,1
2776,37.0,4,1,1,22856,1,154.0,1,1
2777,25.0,7,2,2,-352,1,246.0,1,1
2778,58.0,1,1,2,602,2,201.0,1,1
2779,52.0,4,1,2,-588,2,81.0,4,1
2780,19.0,8,2,2,302,1,205.0,1,2
2781,59.0,1,1,2,5314,2,200.0,3,1
2782,41.0,9,1,2,64,2,210.0,2,1
2783,34.0,9,2,3,632,1,215.0,10,1
2784,35.0,9,2,2,5731,2,164.0,2,1
2785,41.0,9,1,2,902,1,35.0,6,1
2786,28.0,1,2,2,6307,2,615.0,1,1
2787,53.0,4,3,2,112,1,246.0,3,1
2788,35.0,7,1,2,0,1,42.0,1,1
2789,33.0,0,2,3,621,1,217.0,1,1
2790,37.0,9,2,2,435,2,210.0,1,1
2791,32.0,9,1,2,782,2,116.0,4,1
2792,32.0,1,1,2,478,2,200.0,1,1
2793,54.0,7,1,4,7864,2,145.0,4,1
2794,44.0,1,1,2,1910,2,41.0,1,1
2795,36.0,9,3,3,1174,2,192.0,2,1
2796,56.0,0,1,2,1270,2,80.0,2,1
2797,30.0,4,2,3,18,1,121.0,11,1
2798,36.0,1,1,2,141,2,106.0,3,1
2799,43.0,4,1,3,2886,1,230.0,1,1
2800,40.0,9,1,2,2715,2,125.0,2,1
2801,32.0,9,2,3,1100,2,67.0,1,1
2802,34.0,1,1,2,516,2,26.0,1,1
2803,37.0,7,1,2,1,1,395.0,2,1
2804,28.0,0,2,2,775,1,603.0,2,1
2805,35.0,11,1,1,634,1,185.0,2,1
2806,53.0,1,2,2,5715,1,287.0,2,1
2807,60.0,0,1,4,1088,2,149.0,1,1
2808,40.0,2,1,2,1532,2,173.0,7,1
2809,57.0,5,1,1,75,1,118.0,2,1
2810,29.0,9,2,2,103,1,314.0,1,1
2811,44.0,1,1,1,134,2,378.0,1,1
2812,41.0,0,2,2,748,1,94.0,7,1
2813,47.0,9,1,2,1990,2,108.0,4,1
2814,43.0,9,1,3,192,1,203.0,2,1
2815,37.0,9,2,2,267,1,121.0,1,1
2816,34.0,9,2,3,586,2,489.0,2,1
2817,30.0,1,2,2,648,2,287.0,1,1
2818,57.0,2,3,2,25,2,652.0,1,1
2819,26.0,0,2,2,96,2,612.0,2,1
2820,34.0,4,1,3,1116,2,53.0,5,1
2821,46.0,9,3,2,-90,1,270.0,1,2
2822,38.0,2,1,3,170,2,442.0,1,2
2823,37.0,9,2,2,3665,1,664.0,3,2
2824,28.0,4,2,3,2380,1,394.0,2,1
2825,57.0,1,1,1,179,1,230.0,3,1
2826,39.0,4,1,3,763,2,877.0,7,2
2827,49.0,7,1,2,320,1,1971.0,4,2
2828,38.0,9,1,2,1960,2,161.0,2,1
2829,27.0,1,1,2,818,2,188.0,5,1
2830,30.0,0,1,2,2678,2,23.0,5,1
2831,38.0,0,1,3,1980,1,176.0,2,1
2832,36.0,4,1,3,1582,1,26.0,2,1
2833,38.0,5,2,4,62,1,212.0,1,1
2834,59.0,3,1,1,235,1,119.0,2,1
2835,37.0,4,1,3,489,2,205.0,5,1
2836,29.0,6,1,3,3931,2,73.0,4,1
2837,43.0,1,1,2,699,2,1258.0,2,2
2838,33.0,9,1,2,58,2,57.0,2,1
2839,54.0,3,3,2,1327,1,115.0,2,1
2840,55.0,7,1,2,557,1,58.0,1,1
2841,32.0,9,2,3,741,2,238.0,1,1
2842,48.0,4,1,1,3230,2,207.0,3,1
2843,33.0,4,2,3,1439,2,178.0,2,1
2844,46.0,0,1,2,120,2,20.0,11,1
2845,44.0,4,1,3,1058,1,188.0,3,2
2846,47.0,1,1,1,881,2,143.0,1,1
2847,38.0,9,1,2,6728,1,232.0,1,2
2848,80.0,5,1,2,462,1,127.0,2,1
2849,40.0,6,1,2,167,2,380.0,4,1
2850,43.0,2,1,3,1574,2,167.0,3,1
2851,32.0,9,2,3,1625,1,796.0,1,2
2852,39.0,4,1,3,562,1,303.0,2,1
2853,33.0,9,1,2,9305,2,407.0,2,1
2854,31.0,9,2,2,35,1,229.0,1,1
2855,36.0,4,2,3,0,1,108.0,2,1
2856,35.0,4,2,3,2486,2,265.0,1,1
2857,25.0,7,2,2,368,1,168.0,1,1
2858,33.0,4,2,2,1558,2,97.0,1,1
2859,23.0,1,2,1,8627,2,169.0,1,1
2860,31.0,4,2,3,2590,1,103.0,2,1
2861,36.0,4,1,3,0,2,599.0,3,1
2862,44.0,9,2,3,900,2,322.0,2,1
2864,55.0,1,1,1,1649,2,52.0,3,1
2865,51.0,3,3,2,9228,1,655.0,4,2
2866,36.0,0,1,2,0,2,101.0,2,1
2867,27.0,10,2,3,1,1,65.0,2,1
2868,40.0,7,1,2,771,2,173.0,4,1
2869,49.0,7,1,2,280,2,162.0,3,1
2870,59.0,5,1,1,46,1,78.0,2,1
2871,32.0,4,1,3,2431,2,646.0,5,2
2872,42.0,5,2,3,308,1,114.0,2,1
2873,35.0,4,3,3,160,2,141.0,6,1
2874,29.0,1,2,2,555,2,133.0,4,1
2875,29.0,9,2,2,778,2,1994.0,2,1
2876,37.0,1,2,2,48,1,140.0,2,1
2877,49.0,0,1,1,169,2,82.0,3,1
2878,51.0,7,3,2,12,2,150.0,1,1
2879,61.0,3,1,1,848,1,605.0,1,1
2880,43.0,4,1,2,481,2,164.0,1,1
2881,42.0,7,1,3,12223,2,36.0,1,1
2882,24.0,1,1,2,-254,2,290.0,2,1
2883,46.0,6,1,3,1148,1,104.0,2,1
2884,23.0,0,2,2,5,1,413.0,1,1
2885,26.0,7,2,2,50,2,153.0,1,1
2886,43.0,1,3,1,92,2,237.0,2,1
2887,35.0,9,2,3,470,2,743.0,13,2
2888,38.0,9,1,2,0,1,82.0,4,1
2889,56.0,10,3,1,109,1,924.0,4,1
2890,31.0,7,1,2,440,2,117.0,3,1
2891,32.0,4,2,3,0,1,550.0,4,2
2892,28.0,7,2,2,2685,1,5.0,1,1
2893,26.0,0,3,2,-3,2,181.0,5,1
2894,49.0,4,1,3,7007,1,325.0,2,1
2895,33.0,0,1,2,220,2,345.0,1,1
2896,80.0,5,1,1,1548,1,331.0,2,1
2897,40.0,1,1,2,326,2,112.0,1,1
2898,42.0,9,3,2,0,2,115.0,6,1
2899,46.0,1,1,2,123,1,381.0,3,1
2900,32.0,4,2,3,697,1,119.0,1,1
2901,37.0,7,2,3,223,2,25.0,1,1
2902,32.0,8,1,2,1694,2,929.0,1,1
2903,53.0,4,1,3,4446,2,429.0,1,1
2904,39.0,4,1,3,894,2,491.0,1,1
2905,31.0,9,3,2,202,2,146.0,1,1
2906,34.0,4,2,3,0,1,191.0,2,1
2907,44.0,9,1,3,1707,1,406.0,3,1
2908,35.0,9,1,2,13658,2,220.0,2,1
2909,39.0,0,1,2,406,1,253.0,5,1
2910,55.0,7,1,2,96,1,340.0,2,1
2911,34.0,3,1,2,0,2,154.0,1,2
2912,39.0,9,1,3,-276,1,121.0,4,1
2913,58.0,5,1,2,413,1,104.0,5,1
2914,37.0,1,1,1,655,2,127.0,2,1
2915,56.0,5,3,1,694,1,144.0,1,2
2916,32.0,0,2,2,10218,2,149.0,2,1
2917,41.0,9,2,3,1646,2,261.0,1,2
2918,29.0,0,2,3,14,1,87.0,1,1
2919,44.0,4,1,3,7635,1,719.0,5,1
2920,24.0,1,1,2,9,2,292.0,7,1
2921,43.0,4,2,2,1029,2,145.0,1,1
2922,26.0,0,1,3,2855,1,52.0,3,1
2923,39.0,0,1,2,260,2,146.0,1,1
2924,49.0,1,1,2,2039,2,451.0,1,2
2925,52.0,1,3,1,-97,2,167.0,4,1
2926,33.0,1,1,3,1465,1,98.0,4,1
2927,30.0,1,1,2,125,2,238.0,2,1
2928,32.0,9,2,3,930,1,85.0,7,1
2929,27.0,4,2,3,0,2,323.0,4,1
2930,58.0,1,1,1,73,1,116.0,1,1
2931,46.0,5,1,1,-35,2,304.0,3,1
2932,28.0,4,2,3,1351,1,267.0,1,1
2933,39.0,7,1,1,1601,2,201.0,2,1
2934,41.0,7,1,4,88,2,105.0,1,1
2935,38.0,7,1,2,435,2,193.0,2,1
2936,50.0,10,3,2,717,2,113.0,1,1
2937,56.0,7,1,2,705,2,151.0,2,1
2938,34.0,9,1,2,1553,1,200.0,2,1
2939,33.0,1,3,2,-131,2,145.0,1,1
2940,61.0,9,1,2,1191,1,214.0,4,2
2941,36.0,0,2,2,47,1,36.0,6,1
2942,34.0,9,1,3,544,2,58.0,2,1
2943,36.0,1,1,2,688,2,174.0,2,1
2944,45.0,4,1,3,242,1,587.0,1,2
2945,27.0,8,2,3,118,1,112.0,1,1
2946,45.0,0,1,2,-388,2,175.0,2,1
2947,40.0,6,1,3,1603,1,279.0,1,1
2948,36.0,4,2,2,1511,2,270.0,1,2
2949,46.0,1,1,1,147,2,116.0,2,1
2950,37.0,2,1,3,836,2,129.0,2,1
2951,36.0,9,1,2,55,2,38.0,2,1
2952,37.0,0,1,2,1123,1,138.0,1,1
2953,22.0,8,2,3,691,1,338.0,1,2
2955,49.0,9,1,2,12531,1,77.0,8,1
2956,35.0,4,1,3,552,2,314.0,2,1
2957,50.0,3,1,1,0,1,179.0,2,1
2958,31.0,7,1,3,309,2,294.0,1,1
2959,47.0,7,2,2,33,2,298.0,1,1
2960,59.0,1,1,2,681,2,427.0,2,1
2961,32.0,1,1,2,1787,2,87.0,4,1
2962,71.0,5,1,3,14220,2,397.0,1,2
2963,31.0,4,2,3,12569,1,344.0,1,2
2964,41.0,1,1,1,4,1,74.0,5,1
2965,35.0,1,1,1,3587,2,148.0,4,1
2966,36.0,4,1,3,254,1,161.0,3,1
2967,46.0,1,3,1,1712,1,110.0,1,1
2968,46.0,1,1,2,4855,2,1529.0,1,1
2969,47.0,9,1,3,2408,1,236.0,1,1
2970,35.0,4,2,3,252,2,89.0,2,1
2971,37.0,1,1,2,346,2,390.0,1,1
2972,56.0,0,1,2,45,1,1467.0,1,2
2973,46.0,0,1,2,556,2,646.0,3,2
2974,44.0,4,3,3,-710,2,183.0,1,1
2975,48.0,9,2,3,-551,2,168.0,2,1
2976,28.0,1,2,2,56,2,66.0,1,1
2977,38.0,2,1,3,1514,1,160.0,3,1
2978,34.0,4,2,3,178,2,14.0,2,1
2979,56.0,9,1,2,359,2,220.0,4,1
2980,55.0,5,3,2,1580,1,1007.0,1,2
2981,44.0,1,3,2,221,1,149.0,13,1
2982,38.0,9,1,3,1161,2,665.0,1,1
2983,53.0,5,1,2,1278,2,174.0,3,1
2984,41.0,0,2,3,982,1,105.0,1,1
2985,34.0,9,2,2,16,1,990.0,1,2
2986,34.0,4,2,3,1,1,582.0,1,1
2987,35.0,7,1,2,128,2,136.0,1,1
2988,338.0,2,2,2,2543,1,223.0,1,2
2989,42.0,2,1,3,42045,1,205.0,2,1
2990,56.0,1,1,1,828,2,214.0,1,1
2991,37.0,4,3,3,0,2,217.0,6,1
2992,47.0,3,1,2,3940,2,171.0,2,1
2993,29.0,1,1,2,125,2,50.0,1,1
2994,41.0,4,1,3,140,2,65.0,3,1
2995,43.0,9,2,2,593,2,55.0,1,1
2996,38.0,6,1,2,746,1,256.0,3,1
2997,31.0,9,1,2,589,2,151.0,1,1
2998,32.0,4,2,3,2343,1,226.0,1,1
2999,40.0,4,1,3,294,2,97.0,5,1
3000,45.0,0,1,2,644,1,92.0,1,1
3001,43.0,4,1,2,-26,2,343.0,1,1
3002,27.0,7,2,2,3354,2,493.0,5,1
3003,33.0,4,2,3,23,1,216.0,3,1
3004,37.0,0,1,2,7,2,224.0,7,1
3005,60.0,0,1,2,3735,1,190.0,1,2
3006,51.0,6,1,4,2094,1,458.0,6,2
3007,44.0,1,1,2,508,2,222.0,1,1
3008,48.0,4,1,4,0,2,612.0,1,1
3009,57.0,1,1,1,93,2,137.0,1,1
3010,29.0,9,2,3,0,2,104.0,2,1
3011,50.0,7,1,2,26394,1,206.0,4,1
3012,36.0,7,1,2,-11,2,172.0,28,1
3013,49.0,9,1,3,523,2,152.0,2,2
3014,49.0,9,1,2,-74,2,114.0,1,1
3015,35.0,4,1,3,0,1,89.0,1,1
3016,39.0,9,2,2,122,2,158.0,1,1
3017,34.0,1,1,1,351,1,326.0,11,1
3018,57.0,6,1,2,35,1,215.0,3,1
3019,37.0,9,3,2,2610,2,53.0,1,1
3020,25.0,7,2,2,64,1,71.0,11,1
3021,43.0,1,1,1,60,1,487.0,2,1
3022,37.0,1,1,2,342,2,340.0,2,1
3023,36.0,1,2,3,1830,1,183.0,1,1
3024,49.0,4,3,3,1904,1,131.0,2,1
3025,38.0,4,2,3,16957,2,208.0,1,1
3026,39.0,4,3,3,26,1,311.0,5,1
3027,40.0,4,1,3,0,1,147.0,1,2
3028,34.0,0,1,2,79,2,83.0,1,1
3029,39.0,1,1,1,2303,2,775.0,3,2
3030,53.0,1,1,2,65,1,25.0,18,1
3031,44.0,4,1,3,332,2,497.0,5,1
3032,32.0,9,3,2,-399,2,180.0,1,1
3033,50.0,9,3,2,-54,2,698.0,2,2
3034,29.0,7,1,1,-102,1,134.0,1,1
3035,55.0,10,1,3,4809,2,223.0,2,1
3036,73.0,5,1,1,279,1,399.0,3,2
3037,52.0,9,1,2,11,2,420.0,1,1
3038,49.0,7,1,2,2201,2,233.0,3,1
3039,63.0,5,1,1,8044,1,702.0,1,1
3040,34.0,0,1,2,2374,2,161.0,1,2
3041,32.0,0,2,2,92,2,110.0,1,1
3042,49.0,3,1,3,443,1,27.0,6,1
3043,40.0,1,1,1,1397,2,58.0,2,1
3044,53.0,2,1,4,7,1,68.0,1,1
3045,53.0,9,1,3,3177,1,92.0,2,1
3046,43.0,1,1,1,232,1,45.0,1,1
3047,35.0,4,2,2,81,2,79.0,1,1
3048,35.0,7,2,2,414,2,11.0,5,1
3049,25.0,8,2,3,1433,2,520.0,1,1
3050,31.0,9,2,4,187,1,86.0,1,1
3051,48.0,4,1,3,0,1,16.0,16,1
3052,40.0,3,1,2,4610,1,154.0,2,1
3053,46.0,1,1,1,1429,2,91.0,1,1
3054,30.0,7,2,2,334,1,389.0,2,1
3055,47.0,7,1,2,2,1,71.0,15,1
3056,23.0,7,2,2,500,2,111.0,3,1
3057,29.0,9,1,3,43,2,68.0,2,1
3058,38.0,9,1,2,4030,2,75.0,2,1
3059,56.0,3,1,1,306,1,212.0,1,1
3060,52.0,0,1,2,0,1,91.0,2,1
3061,55.0,5,1,2,168,1,79.0,2,1
3062,43.0,2,1,3,210,1,646.0,2,1
3063,34.0,1,1,2,518,2,206.0,1,1
3064,43.0,4,2,3,1696,2,257.0,1,2
3065,55.0,7,1,2,-31,1,81.0,2,1
3066,34.0,1,1,2,856,2,470.0,1,1
3067,34.0,4,2,3,318,2,133.0,2,1
3068,43.0,6,1,3,64,1,230.0,2,1
3069,39.0,1,1,1,800,2,76.0,6,1
3070,39.0,9,2,4,75,1,26.0,1,1
3071,34.0,9,2,2,347,2,154.0,2,1
3072,55.0,4,1,3,2366,2,94.0,4,1
3073,67.0,5,1,3,701,1,254.0,2,2
3074,34.0,2,1,3,475,2,1156.0,1,1
3075,47.0,1,1,2,3285,1,248.0,5,1
3076,33.0,1,1,1,925,1,884.0,3,1
3077,45.0,2,1,2,128,1,275.0,2,1
3078,36.0,1,1,2,1587,2,200.0,2,1
3079,59.0,9,3,2,879,2,228.0,1,1
3080,33.0,7,1,2,478,1,475.0,2,2
3081,52.0,9,3,2,280,1,393.0,5,1
3082,53.0,1,1,1,1868,1,156.0,4,1
3083,41.0,10,1,1,819,1,244.0,3,1
3084,45.0,1,1,2,4646,2,118.0,1,1
3085,60.0,6,2,2,27,1,40.0,2,1
3086,32.0,1,1,2,736,2,700.0,3,1
3087,28.0,4,2,3,224,2,97.0,3,1
3088,31.0,9,2,2,2544,1,252.0,1,2
3089,53.0,1,1,2,427,1,360.0,4,1
3090,58.0,4,1,3,2764,1,235.0,1,1
3091,38.0,1,1,2,376,2,1521.0,1,1
3092,46.0,4,1,3,523,2,105.0,4,1
3093,53.0,2,1,3,71,1,86.0,1,1
3094,56.0,5,1,2,3948,1,484.0,1,1
3095,52.0,7,2,2,1810,1,117.0,1,1
3096,38.0,9,1,2,994,1,119.0,1,1
3097,37.0,7,1,1,52,2,359.0,1,1
3098,37.0,1,1,1,11,1,109.0,8,1
3099,37.0,9,1,2,0,1,236.0,1,1
3100,66.0,5,1,1,747,1,203.0,3,1
3101,44.0,1,1,1,2657,2,202.0,2,1
3102,61.0,5,1,2,313,1,42.0,1,1
3103,34.0,0,1,2,61,1,21.0,1,1
3104,33.0,0,2,2,2557,2,186.0,1,1
3105,30.0,7,3,2,0,2,172.0,1,1
3106,27.0,7,3,2,10,2,527.0,1,1
3107,37.0,7,1,2,658,2,175.0,1,1
3108,38.0,1,1,1,1679,2,21.0,18,1
3109,35.0,4,2,3,0,1,370.0,4,1
3110,50.0,9,1,2,841,2,54.0,2,1
3111,39.0,4,1,2,0,2,63.0,3,1
3112,35.0,4,1,2,1160,2,116.0,3,1
3113,36.0,0,3,2,-37,2,151.0,1,1
3114,28.0,7,2,2,94,2,300.0,1,1
3115,39.0,6,1,3,585,2,48.0,1,1
3116,39.0,6,1,2,235,1,217.0,1,1
3117,30.0,1,2,2,2145,2,727.0,2,2
3118,32.0,7,1,2,1464,2,193.0,1,1
3119,28.0,9,1,2,232,2,72.0,1,1
3120,47.0,9,1,1,187,2,165.0,1,1
3121,53.0,4,1,3,12,1,345.0,10,1
3122,57.0,1,1,1,318,2,206.0,2,1
3123,47.0,7,1,2,405,1,994.0,2,2
3124,56.0,4,1,3,334,2,127.0,2,1
3125,38.0,0,1,1,0,2,29.0,32,1
3126,52.0,1,1,1,2,1,70.0,3,1
3127,46.0,9,1,2,966,2,40.0,2,1
3128,57.0,1,1,1,195,1,185.0,4,1
3129,42.0,1,3,4,0,1,64.0,2,1
3130,57.0,10,1,2,0,1,97.0,1,1
3131,51.0,3,1,2,260,1,316.0,5,1
3132,53.0,6,1,3,451,2,125.0,1,1
3133,37.0,1,1,1,3242,2,233.0,1,1
3134,47.0,6,3,2,8515,2,14.0,7,1
3135,48.0,4,1,3,1808,2,245.0,1,2
3136,39.0,1,1,1,20,2,109.0,1,1
3137,42.0,1,1,2,3068,2,429.0,2,1
3138,36.0,4,1,3,23,1,133.0,11,1
3139,34.0,9,2,2,1076,1,70.0,2,1
3140,61.0,5,1,1,1060,2,118.0,1,1
3141,32.0,0,2,2,678,2,1579.0,1,2
3142,35.0,1,2,1,1147,2,29.0,1,1
3143,54.0,1,1,2,-630,1,173.0,1,1
3144,31.0,4,1,3,459,1,13.0,14,1
3145,45.0,9,3,2,976,2,183.0,1,1
3146,32.0,3,1,3,357,2,175.0,2,1
3147,52.0,10,1,2,-9,1,123.0,1,1
3148,36.0,0,2,2,1927,2,288.0,1,1
3149,31.0,7,1,2,500,2,19.0,18,1
3150,53.0,9,1,2,9146,1,136.0,4,1
3151,43.0,2,1,2,59,1,437.0,2,1
3152,47.0,3,1,1,0,1,1225.0,2,1
3153,46.0,1,1,1,328,2,526.0,8,1
3154,34.0,4,3,2,291,1,91.0,2,1
3155,55.0,9,2,3,-703,2,123.0,3,1
3156,23.0,0,2,2,589,2,62.0,1,1
3157,75.0,1,1,2,6053,1,865.0,2,1
3158,58.0,0,1,2,1142,1,82.0,3,1
3159,35.0,0,1,2,725,2,219.0,7,1
3160,27.0,4,1,3,802,1,569.0,1,2
3161,24.0,9,1,2,556,2,460.0,2,2
3162,48.0,0,1,2,191,2,238.0,3,1
3163,31.0,9,2,2,373,1,346.0,5,1
3164,57.0,9,1,2,6164,1,161.0,2,1
3165,53.0,4,1,3,37,1,51.0,9,1
3166,42.0,1,1,1,1156,2,37.0,1,1
3167,50.0,2,1,2,806,2,141.0,8,1
3168,59.0,0,1,2,2381,1,173.0,2,1
3169,38.0,7,1,2,-314,2,66.0,2,1
3170,39.0,1,1,2,285,2,209.0,1,1
3171,28.0,1,2,1,1199,2,1011.0,20,1
3172,55.0,4,3,3,481,2,147.0,2,1
3173,33.0,9,2,3,137,1,88.0,4,1
3174,36.0,1,2,2,168,2,52.0,1,1
3175,38.0,0,3,2,156,2,544.0,3,1
3176,28.0,0,2,2,4745,1,360.0,1,2
3177,32.0,4,2,3,11797,2,95.0,2,1
3178,35.0,0,1,2,786,1,322.0,1,1
3179,58.0,9,1,1,4015,1,106.0,3,1
3180,30.0,7,1,2,0,2,20.0,1,1
3181,33.0,1,1,2,331,2,178.0,7,1
3182,36.0,1,1,2,1554,2,325.0,4,1
3183,32.0,7,1,2,132,2,343.0,2,1
3184,34.0,4,2,3,5086,1,213.0,4,2
3185,42.0,0,1,2,529,2,193.0,3,1
3186,41.0,4,1,3,4824,1,168.0,7,1
3187,63.0,5,1,2,474,1,423.0,1,2
3188,38.0,0,3,3,86,2,218.0,1,1
3189,54.0,1,1,1,2281,2,158.0,1,1
3190,39.0,7,1,2,186,2,433.0,1,1
3191,46.0,1,1,2,137,1,252.0,3,1
3192,37.0,9,1,3,6968,1,175.0,1,1
3193,76.0,5,3,1,86,1,192.0,1,1
3194,28.0,4,2,4,81,1,158.0,1,1
3195,33.0,7,1,1,6904,1,114.0,2,1
3196,46.0,6,1,3,137,2,246.0,1,1
3197,30.0,8,2,2,25,1,44.0,1,1
3198,60.0,4,1,3,759,1,136.0,2,1
3199,56.0,3,1,3,1922,2,247.0,2,1
3200,24.0,8,2,4,3298,2,227.0,1,1
3201,58.0,5,1,2,764,1,219.0,4,1
3202,79.0,5,1,1,8556,1,326.0,2,2
3203,32.0,1,1,2,3514,2,226.0,2,1
3204,33.0,7,1,1,0,2,351.0,2,1
3205,77.0,5,1,1,680,1,341.0,4,1
3206,60.0,3,1,1,0,1,124.0,1,1
3207,54.0,4,1,3,2819,1,123.0,3,1
3208,30.0,1,1,1,-518,2,244.0,6,1
3209,50.0,7,1,2,60,1,151.0,8,1
3210,50.0,4,1,2,732,1,736.0,7,1
3211,37.0,9,1,2,2707,2,109.0,1,1
3212,41.0,9,1,3,177,2,117.0,2,1
3213,49.0,0,1,2,13229,1,77.0,2,1
3214,41.0,1,1,1,-204,2,42.0,1,1
3215,40.0,9,1,2,990,2,252.0,3,1
3216,38.0,1,1,2,648,2,179.0,1,1
3217,34.0,9,1,2,50,1,106.0,3,1
3218,49.0,2,1,2,1916,1,281.0,3,1
3219,72.0,5,1,1,763,1,384.0,2,2
3220,34.0,1,1,2,470,2,217.0,1,1
3221,31.0,9,1,2,0,1,144.0,4,1
3222,33.0,1,2,2,5739,2,374.0,1,1
3223,31.0,4,1,3,0,1,298.0,1,1
3224,55.0,4,1,3,-375,1,814.0,2,2
3225,25.0,10,1,2,157,2,33.0,31,1
3226,34.0,4,1,3,1518,2,128.0,2,1
3227,53.0,4,1,3,1343,1,129.0,4,1
3228,39.0,4,2,3,-401,2,274.0,4,1
3229,41.0,4,1,1,5310,2,984.0,1,2
3230,32.0,1,2,2,2285,2,413.0,2,1
3231,29.0,0,1,2,22171,2,44.0,1,1
3232,56.0,4,1,3,856,2,70.0,4,1
3233,19.0,8,2,4,1169,1,463.0,18,1
3234,39.0,4,2,3,3797,1,96.0,2,1
3235,32.0,1,2,2,53,2,276.0,1,1
3236,43.0,1,1,1,2519,2,257.0,2,1
3237,32.0,2,1,1,795,1,131.0,3,1
3238,53.0,0,3,2,0,2,586.0,2,1
3239,52.0,1,1,2,2087,2,267.0,1,2
3240,43.0,9,2,2,34,1,29.0,1,1
3241,48.0,9,1,2,5,1,65.0,6,1
3242,27.0,9,2,2,15,2,67.0,3,1
3243,27.0,4,2,3,390,1,190.0,1,1
3245,39.0,0,2,3,2600,2,77.0,1,1
3246,33.0,1,1,2,-241,2,169.0,1,1
3247,50.0,1,3,1,1545,2,25.0,1,1
3248,59.0,5,3,2,1026,1,669.0,1,2
3249,58.0,3,1,1,435,2,122.0,6,1
3250,54.0,9,1,3,876,1,269.0,3,2
3251,60.0,1,1,2,1801,1,167.0,1,1
3252,38.0,4,1,3,2278,2,244.0,1,1
3253,39.0,1,1,4,157,2,99.0,6,1
3254,40.0,0,1,2,1327,2,76.0,2,1
3255,55.0,1,1,1,284,1,252.0,4,1
3256,36.0,4,1,3,495,1,213.0,3,2
3257,31.0,0,2,2,1588,2,14.0,1,1
3258,38.0,7,1,2,0,2,121.0,2,1
3259,52.0,4,1,2,428,2,153.0,1,1
3260,45.0,0,1,1,542,1,8.0,5,1
3261,32.0,1,1,1,66,1,244.0,1,1
3262,58.0,1,3,2,314,1,67.0,2,1
3263,35.0,4,1,3,24,2,169.0,1,1
3264,36.0,4,2,3,613,1,86.0,2,1
3265,55.0,5,1,2,1467,1,277.0,2,1
3266,45.0,1,1,2,192,2,154.0,5,1
3267,49.0,4,1,2,321,1,135.0,3,1
3268,44.0,1,1,2,788,2,392.0,1,1
3269,37.0,1,3,2,48,2,133.0,2,1
3270,35.0,1,1,2,262,1,96.0,2,1
3271,36.0,1,1,2,4438,2,446.0,1,2
3272,44.0,7,2,2,5045,2,20.0,6,1
3273,32.0,1,2,3,3014,2,291.0,2,1
3274,56.0,4,1,3,21664,1,214.0,8,1
3275,32.0,4,1,3,5878,1,159.0,2,1
3276,35.0,2,1,3,2723,2,275.0,4,1
3277,44.0,4,1,2,576,2,128.0,3,1
3278,59.0,2,1,1,0,1,207.0,2,1
3279,31.0,1,2,3,2197,2,146.0,3,1
3280,60.0,1,1,4,104,2,22.0,1,1
3281,33.0,9,2,2,1279,2,239.0,2,1
3282,45.0,0,1,2,295,2,92.0,1,1
3283,45.0,1,1,1,2128,2,149.0,4,1
3284,57.0,0,1,2,367,1,107.0,2,1
3285,36.0,4,1,3,1477,1,71.0,2,1
3286,30.0,1,2,1,71,2,122.0,6,1
3287,30.0,0,2,2,127,2,16.0,6,1
3288,59.0,10,3,2,2921,1,251.0,1,1
3289,58.0,4,1,3,16264,1,215.0,3,1
3290,49.0,5,1,1,1672,1,128.0,3,1
3291,48.0,9,1,3,9207,1,445.0,3,1
3292,28.0,9,2,3,356,1,76.0,2,1
3293,59.0,4,3,1,133,2,206.0,1,1
3294,40.0,4,1,3,1217,2,155.0,1,1
3295,32.0,9,3,2,202,2,429.0,1,1
3296,58.0,1,1,2,590,1,133.0,1,1
3297,28.0,6,2,3,442,1,474.0,3,2
3298,27.0,9,2,3,808,2,578.0,1,1
3299,38.0,4,2,3,427,2,17.0,3,1
3300,53.0,9,1,3,431,2,74.0,1,1
3301,60.0,7,1,3,4256,2,239.0,3,2
3302,33.0,4,3,3,0,2,275.0,8,1
3303,52.0,7,3,2,238,2,101.0,1,1
3304,64.0,5,1,3,846,1,671.0,1,2
3305,40.0,1,2,2,3,1,998.0,1,2
3306,52.0,0,1,2,693,1,271.0,1,1
3307,28.0,8,2,2,0,2,133.0,3,1
3308,49.0,4,1,2,362,2,84.0,2,1
3309,28.0,9,2,2,618,2,281.0,1,1
3310,29.0,9,2,3,2893,2,250.0,1,1
3311,87.0,5,1,1,230,1,144.0,1,2
3312,37.0,4,3,2,1287,2,432.0,1,1
3313,36.0,7,1,1,179,1,411.0,1,1
3314,35.0,6,1,3,980,1,428.0,2,1
3315,33.0,0,1,3,79,2,249.0,2,2
3316,60.0,0,1,2,3043,1,235.0,3,1
3317,25.0,4,2,3,808,1,267.0,2,2
3318,69.0,5,1,2,745,1,595.0,1,1
3319,41.0,8,1,2,1309,1,28.0,4,1
3320,48.0,4,2,2,290,2,257.0,2,1
3321,35.0,1,3,1,1792,2,630.0,6,2
3322,30.0,1,2,2,178,2,747.0,5,1
3323,59.0,4,1,3,0,1,87.0,4,1
3324,32.0,4,2,3,537,1,187.0,3,1
3325,28.0,1,2,2,416,2,452.0,2,1
3326,60.0,1,1,1,1472,1,36.0,4,1
3327,36.0,4,1,1,3953,2,277.0,1,1
3328,32.0,4,2,3,112,2,118.0,1,1
3329,34.0,4,3,3,13204,2,197.0,2,1
3330,58.0,1,1,2,0,1,101.0,5,1
3331,53.0,4,1,4,2240,2,282.0,2,2
3332,31.0,4,1,3,22546,2,8.0,6,1
3333,33.0,0,1,2,0,2,1448.0,7,2
3334,46.0,10,3,1,23,1,344.0,1,1
3335,29.0,1,1,2,228,2,12.0,8,1
3336,37.0,6,1,2,215,2,61.0,1,1
3337,58.0,1,1,1,23,2,91.0,6,1
3338,34.0,4,1,2,293,2,162.0,3,1
3339,34.0,1,3,2,0,1,339.0,1,1
3340,49.0,2,1,1,199,1,113.0,2,1
3341,53.0,0,1,2,459,1,558.0,1,2
3342,42.0,10,1,2,8131,2,69.0,1,1
3343,40.0,7,1,2,-378,2,541.0,1,1
3344,30.0,1,2,1,395,1,429.0,1,1
3345,31.0,9,3,2,10787,2,135.0,2,1
3346,55.0,0,1,2,865,2,96.0,1,1
3347,36.0,4,1,3,340,2,68.0,2,1
3348,31.0,1,2,2,1882,1,529.0,2,1
3349,26.0,4,1,3,265,1,650.0,2,1
3350,31.0,0,1,2,389,2,69.0,1,1
3351,49.0,0,1,2,0,2,71.0,7,1
3352,54.0,4,1,3,384,2,30.0,7,1
3353,47.0,4,3,3,94,2,9.0,19,1
3354,61.0,4,1,2,1471,1,331.0,2,1
3355,49.0,1,1,1,937,2,66.0,1,1
3356,51.0,9,1,2,500,2,26.0,6,1
3357,53.0,1,1,1,25,2,266.0,3,1
3358,35.0,4,1,3,365,1,168.0,2,1
3359,25.0,10,2,2,34,1,316.0,1,1
3360,79.0,5,1,1,429,1,1006.0,2,2
3361,53.0,9,1,1,6839,2,77.0,1,1
3362,21.0,8,2,2,6,1,622.0,1,1
3363,33.0,1,1,2,467,2,494.0,2,1
3364,40.0,6,3,2,1876,1,269.0,1,1
3365,34.0,2,1,2,1847,2,543.0,3,1
3366,52.0,11,1,1,247,1,268.0,6,1
3367,27.0,0,1,2,897,1,397.0,1,2
3368,57.0,7,3,2,4664,1,22.0,4,1
3369,51.0,6,3,2,1291,2,51.0,2,1
3370,31.0,8,2,3,64,1,208.0,1,1
3371,49.0,10,1,3,-471,2,77.0,3,1
3372,32.0,4,2,3,1160,2,450.0,2,1
3373,28.0,0,2,3,14,1,201.0,1,1
3374,33.0,1,1,2,26,2,342.0,3,1
3375,50.0,1,1,4,452,1,181.0,2,1
3376,42.0,1,2,2,382,2,294.0,1,1
3377,45.0,0,1,4,2033,1,123.0,1,1
3378,34.0,10,1,2,0,2,172.0,1,1
3379,56.0,0,3,4,789,2,1022.0,1,1
3380,33.0,1,2,2,142,2,123.0,1,1
3381,34.0,0,1,2,645,2,420.0,1,1
3382,37.0,1,1,4,897,2,119.0,2,1
3383,37.0,1,1,2,103,2,153.0,1,1
3384,35.0,0,2,2,847,2,85.0,2,1
3385,38.0,11,2,3,0,1,260.0,3,2
3386,32.0,1,1,2,517,2,528.0,1,1
3387,52.0,9,2,3,1308,2,361.0,1,1
3388,49.0,7,1,2,66,2,59.0,4,1
3389,46.0,4,3,2,361,2,86.0,7,1
3390,42.0,2,1,1,66,2,139.0,1,1
3391,36.0,1,1,4,70,2,219.0,4,1
3392,32.0,7,1,2,180,2,45.0,2,1
3393,49.0,9,1,3,279,2,168.0,4,1
3394,46.0,7,1,2,4,1,268.0,1,2
3395,40.0,2,1,2,1416,2,210.0,2,1
3396,36.0,0,1,2,465,2,160.0,1,1
3397,36.0,0,1,2,998,2,1044.0,2,1
3398,34.0,9,1,2,550,1,601.0,1,1
3399,46.0,4,1,3,1285,2,89.0,1,1
3400,32.0,7,1,3,4908,1,491.0,2,1
3401,32.0,10,2,3,336,2,139.0,1,1
3402,32.0,4,2,3,131,1,267.0,3,1
3403,43.0,4,1,3,348,1,88.0,3,1
3404,25.0,6,2,3,453,2,134.0,1,1
3405,55.0,0,1,2,1102,2,126.0,2,1
3406,24.0,0,2,2,926,2,191.0,1,1
3407,40.0,4,3,3,502,2,267.0,4,1
3408,38.0,4,2,3,8669,2,5.0,3,1
3409,48.0,1,2,1,316,1,560.0,2,1
3410,36.0,4,1,3,9324,2,138.0,8,1
3411,57.0,4,1,3,0,1,188.0,4,1
3412,45.0,0,1,2,72,2,262.0,2,1
3413,33.0,6,2,3,61,1,836.0,3,2
3414,38.0,9,2,2,173,1,150.0,4,1
3415,26.0,7,2,2,-162,2,44.0,2,1
3416,30.0,4,2,3,47,1,11.0,17,1
3417,55.0,7,3,3,1983,2,123.0,1,1
3418,34.0,1,1,2,326,2,150.0,2,1
3419,60.0,0,1,2,2552,1,255.0,2,1
3420,36.0,4,2,3,1283,1,92.0,5,1
3421,65.0,3,1,1,2179,2,112.0,7,1
3422,39.0,6,1,3,1047,1,554.0,1,2
3423,52.0,1,1,1,36,1,109.0,2,1
3424,55.0,9,1,2,-308,1,781.0,1,2
3425,26.0,4,2,3,1177,1,116.0,1,1
3426,40.0,6,1,1,2077,2,363.0,1,1
3427,52.0,2,1,2,0,1,82.0,2,1
3428,29.0,6,1,3,1,1,167.0,3,1
3429,41.0,1,1,1,7735,2,220.0,1,1
3430,30.0,9,2,3,1922,2,546.0,1,1
3431,28.0,8,2,2,153,1,1124.0,2,2
3432,26.0,1,1,2,2770,2,141.0,1,1
3433,58.0,4,1,2,139,1,188.0,1,1
3434,29.0,4,2,3,21,2,107.0,4,1
3435,48.0,9,1,2,178,2,320.0,4,1
3436,35.0,1,1,2,444,2,244.0,3,1
3437,26.0,7,2,2,209,2,319.0,2,1
3438,49.0,1,1,4,3096,1,147.0,2,1
3439,34.0,0,1,2,5320,1,114.0,6,1
3440,32.0,7,1,2,4885,2,400.0,2,1
3441,31.0,0,1,2,0,2,79.0,3,1
3442,48.0,10,1,1,5462,1,29.0,4,1
3443,40.0,1,1,2,6767,2,97.0,2,1
3444,42.0,9,3,2,2974,2,187.0,5,1
3445,48.0,9,1,2,427,1,201.0,1,1
3446,38.0,7,1,2,8876,1,280.0,1,1
3447,53.0,4,1,3,146,1,150.0,1,1
3448,59.0,5,3,2,319,1,129.0,1,1
3449,28.0,10,2,2,304,1,516.0,1,1
3450,41.0,1,1,1,389,2,127.0,2,1
3451,50.0,4,2,1,766,1,174.0,2,1
3452,31.0,0,1,2,0,2,82.0,5,1
3453,30.0,9,2,2,3107,2,1516.0,2,1
3454,59.0,0,3,2,174,2,204.0,1,1
3455,33.0,9,3,2,-305,1,109.0,1,1
3456,35.0,6,1,2,670,1,378.0,1,1
3457,30.0,4,2,3,6164,2,152.0,11,1
3458,71.0,5,1,2,2850,1,185.0,1,2
3459,30.0,7,2,1,79,2,317.0,1,1
3460,24.0,7,1,2,110,2,27.0,1,1
3461,34.0,9,2,2,5039,1,205.0,6,1
3462,34.0,1,1,2,360,2,46.0,1,1
3463,52.0,0,1,2,199,1,978.0,2,1
3464,33.0,6,2,2,238,2,45.0,5,1
3465,38.0,1,1,2,5092,2,145.0,6,1
3466,41.0,0,3,2,1088,2,138.0,1,1
3467,42.0,4,3,3,221,2,720.0,2,1
3468,38.0,1,3,2,889,1,362.0,1,1
3469,48.0,1,1,1,750,2,90.0,6,1
3470,34.0,9,2,2,0,2,214.0,1,1
3471,46.0,1,1,1,1291,2,142.0,3,1
3472,33.0,9,1,2,1844,2,241.0,3,1
3473,40.0,4,1,3,89,2,148.0,6,1
3474,36.0,0,1,2,4280,1,227.0,6,1
3475,32.0,9,2,2,0,1,126.0,2,1
3476,33.0,1,1,2,625,2,410.0,1,1
3477,55.0,9,1,4,574,2,243.0,2,1
3478,58.0,4,1,1,320,2,171.0,2,1
3479,25.0,9,2,3,468,2,147.0,1,1
3480,47.0,7,1,2,440,2,91.0,1,1
3481,40.0,10,1,2,0,2,332.0,1,1
3482,59.0,5,1,2,5706,2,471.0,2,1
3483,40.0,4,1,3,7780,1,364.0,1,1
3484,30.0,4,1,2,-559,2,98.0,1,1
3485,25.0,2,2,3,16874,2,117.0,2,1
3486,58.0,5,1,1,1987,1,185.0,4,1
3487,39.0,2,1,4,98,2,59.0,3,1
3488,40.0,6,1,3,642,1,147.0,3,1
3489,38.0,1,1,2,526,2,553.0,2,1
3490,66.0,4,2,3,6483,1,275.0,1,1
3491,47.0,4,1,3,2306,1,239.0,4,2
3492,37.0,1,1,2,954,2,402.0,9,1
3493,36.0,4,2,3,-679,2,172.0,1,1
3494,50.0,1,1,1,-1,1,195.0,2,1
3495,76.0,5,1,1,2590,1,68.0,12,1
3496,58.0,4,2,3,331,1,82.0,3,1
3497,42.0,0,1,2,4209,2,57.0,6,1
3498,58.0,7,3,2,462,1,495.0,1,2
3499,28.0,6,2,3,0,2,479.0,1,1
3500,41.0,9,1,2,0,1,141.0,2,1
3501,30.0,4,1,3,151,1,82.0,4,1
3502,32.0,4,3,3,883,2,798.0,1,2
3503,27.0,7,2,2,266,1,232.0,1,1
3504,48.0,4,1,3,0,1,60.0,5,1
3505,36.0,9,1,3,491,2,103.0,3,1
3506,54.0,4,1,3,3,1,443.0,1,1
3507,36.0,1,1,2,198,2,400.0,2,1
3508,52.0,3,1,2,14363,1,132.0,1,1
3509,34.0,9,3,2,0,2,374.0,16,1
3510,43.0,9,1,2,136,1,363.0,7,2
3511,32.0,4,2,3,28,1,111.0,2,1
3512,33.0,4,2,3,335,1,130.0,4,1
3513,51.0,3,1,4,174,1,308.0,3,1
3514,39.0,10,1,2,270,2,116.0,1,1
3515,44.0,4,2,3,1206,1,160.0,2,1
3516,49.0,3,3,1,198,2,205.0,3,1
3517,25.0,9,1,3,914,2,185.0,2,1
3518,39.0,6,1,2,31,2,61.0,2,1
3519,54.0,9,1,2,0,1,159.0,2,1
3520,32.0,4,2,3,347,2,213.0,1,1
3521,36.0,4,1,3,860,2,294.0,15,1
3522,54.0,9,1,2,89,2,140.0,3,1
3523,31.0,9,1,2,0,2,71.0,1,1
3524,45.0,7,1,2,0,1,47.0,7,1
3525,31.0,0,2,2,68,2,570.0,2,1
3526,45.0,9,1,2,-149,2,287.0,2,1
3527,33.0,7,3,2,2411,2,130.0,1,2
3529,43.0,11,2,3,2731,1,11.0,7,1
3530,50.0,4,1,3,112,2,70.0,5,1
3531,44.0,4,3,3,0,1,54.0,2,1
3532,42.0,7,1,2,3620,2,22.0,16,1
3533,26.0,1,2,2,179,1,103.0,3,1
3534,47.0,0,2,2,1544,2,104.0,1,1
3535,48.0,1,1,1,199,1,29.0,2,1
3536,60.0,1,1,4,231,2,57.0,2,1
3537,27.0,0,3,2,76,2,236.0,1,1
3538,30.0,10,2,3,302,1,528.0,3,2
3539,28.0,0,2,2,189,2,68.0,2,1
3540,58.0,5,1,1,565,1,876.0,1,2
3541,37.0,2,1,3,310,1,76.0,1,1
3542,36.0,7,1,2,1746,2,99.0,1,1
3543,39.0,9,1,2,6,2,122.0,3,1
3544,52.0,10,1,1,-110,1,141.0,1,1
3545,55.0,5,1,2,2749,2,58.0,2,1
3546,30.0,4,2,3,6495,1,78.0,3,1
3547,36.0,1,2,2,35,2,435.0,3,1
3548,39.0,0,1,2,-650,1,123.0,2,1
3549,47.0,1,1,1,292,1,210.0,3,1
3550,42.0,3,2,1,5774,2,54.0,2,1
3551,42.0,4,1,2,2416,2,138.0,4,1
3552,58.0,5,1,2,35,1,336.0,7,1
3553,68.0,5,1,2,19317,2,249.0,1,2
3554,43.0,9,1,2,50,1,63.0,1,1
3555,44.0,1,1,2,-674,2,257.0,1,1
3556,49.0,9,1,3,3726,1,875.0,2,2
3557,57.0,5,1,3,1180,2,191.0,2,1
3558,61.0,6,3,3,6610,1,481.0,2,2
3559,36.0,0,2,2,319,2,120.0,2,1
3560,31.0,1,1,2,1545,2,207.0,1,1
3561,51.0,9,1,3,1315,1,303.0,2,1
3562,31.0,9,2,3,424,1,93.0,2,1
3563,56.0,1,1,1,151,1,128.0,1,1
3564,30.0,9,2,3,-970,1,194.0,2,1
3565,38.0,7,1,2,-762,2,408.0,2,1
3566,35.0,7,1,2,181,2,5.0,3,1
3567,31.0,1,1,4,-120,2,231.0,2,1
3568,39.0,0,3,2,1022,2,20.0,3,1
3569,50.0,4,1,3,78,2,218.0,3,1
3570,39.0,9,1,3,209,1,36.0,2,1
3571,26.0,0,1,2,2469,1,136.0,8,1
3572,55.0,9,1,2,0,1,336.0,1,1
3573,43.0,1,3,1,328,1,192.0,1,1
3574,34.0,3,1,3,0,1,141.0,1,1
3575,51.0,6,1,1,307,2,65.0,2,1
3576,31.0,4,1,3,1384,2,203.0,2,1
3577,32.0,4,1,3,0,1,104.0,9,1
3578,53.0,9,1,2,719,2,230.0,1,1
3579,44.0,4,3,3,0,1,71.0,1,1
3580,38.0,2,1,3,6704,2,205.0,2,1
3581,47.0,6,1,3,4543,2,162.0,1,1
3582,36.0,4,1,3,0,2,145.0,2,1
3583,30.0,4,2,3,149,2,220.0,2,1
3584,46.0,1,1,2,-1400,2,309.0,3,1
3585,33.0,2,1,2,-118,2,421.0,3,1
3586,43.0,1,1,2,2160,1,261.0,1,2
3587,38.0,4,1,3,3452,1,132.0,2,1
3588,27.0,9,2,2,842,1,273.0,1,1
3589,38.0,4,1,4,3576,1,349.0,2,2
3590,41.0,10,1,3,1666,1,291.0,3,1
3591,29.0,9,1,2,0,2,83.0,6,1
3592,39.0,7,1,2,0,2,793.0,2,1
3593,42.0,1,2,1,1628,2,119.0,1,1
3594,47.0,7,1,2,51,2,312.0,1,1
3595,30.0,1,2,2,447,1,103.0,6,1
3596,34.0,0,1,2,396,2,101.0,3,1
3597,45.0,3,1,1,4994,1,48.0,1,1
3598,43.0,0,1,2,3215,2,228.0,3,1
3599,59.0,1,1,1,2814,1,81.0,3,1
3600,50.0,9,1,2,0,1,152.0,2,1
3601,39.0,1,1,2,293,2,160.0,3,1
3602,36.0,9,1,2,474,2,59.0,1,1
3603,44.0,1,1,2,16178,2,297.0,1,1
3604,36.0,9,1,3,0,1,147.0,2,1
3605,27.0,4,2,3,88,1,143.0,1,1
3606,29.0,7,1,2,308,2,75.0,1,1
3607,70.0,5,1,2,1164,1,338.0,3,1
3608,44.0,4,1,3,13893,1,29.0,2,1
3609,55.0,4,1,3,0,2,159.0,2,1
3610,36.0,9,3,2,-435,2,85.0,8,1
3611,28.0,9,2,2,389,2,15.0,7,1
3612,50.0,4,3,3,356,1,198.0,2,1
3613,49.0,9,1,2,2718,1,114.0,2,1
3614,71.0,5,3,3,261,1,1117.0,2,1
3615,31.0,0,2,2,757,1,343.0,2,1
3616,45.0,4,2,3,16,1,59.0,2,1
3617,42.0,1,1,2,-422,1,31.0,1,1
3618,45.0,0,1,2,248,1,212.0,2,1
3619,47.0,9,1,1,145,2,157.0,6,1
3620,60.0,5,3,2,598,1,96.0,1,1
3621,35.0,4,1,3,949,2,245.0,2,1
3622,31.0,9,2,3,614,1,72.0,4,1
3623,33.0,1,1,1,1209,2,700.0,1,1
3624,50.0,6,1,3,202,2,107.0,1,1
3625,51.0,1,1,2,1840,2,312.0,3,1
3626,34.0,9,1,2,114,2,153.0,1,1
3627,56.0,7,1,2,-229,1,55.0,10,1
3628,29.0,7,1,2,182,2,38.0,3,1
3629,31.0,1,1,2,401,1,96.0,3,1
3630,44.0,9,3,4,759,2,397.0,1,1
3631,55.0,5,1,2,4194,1,208.0,3,1
3632,35.0,8,2,4,0,1,122.0,3,1
3633,36.0,9,1,3,629,2,109.0,1,1
3634,54.0,5,1,2,153,2,74.0,1,1
3635,32.0,4,1,3,553,2,72.0,1,1
3636,36.0,4,3,3,1057,1,383.0,2,1
3637,60.0,5,1,2,78,2,113.0,3,1
3638,32.0,9,2,2,-28,1,400.0,1,1
3639,57.0,4,1,3,929,1,387.0,8,1
3640,34.0,1,1,1,428,2,59.0,2,1
3641,27.0,8,2,2,268,2,528.0,1,1
3642,52.0,4,2,3,83,1,1223.0,6,2
3643,45.0,0,3,4,998,2,38.0,2,1
3644,58.0,0,2,2,2223,1,1139.0,2,1
3645,39.0,1,2,1,6,2,286.0,2,1
3646,48.0,1,2,2,312,2,369.0,2,1
3647,36.0,4,2,2,0,1,333.0,5,1
3648,31.0,9,2,2,691,2,198.0,1,1
3649,41.0,4,1,3,771,2,106.0,8,1
3650,30.0,6,2,2,192,1,423.0,1,1
3651,57.0,5,1,3,0,1,116.0,4,1
3652,29.0,0,2,2,1070,2,30.0,1,2
3653,29.0,7,3,2,84,2,1101.0,2,2
3654,30.0,4,2,3,2,1,102.0,1,1
3655,44.0,4,1,3,1242,2,384.0,6,1
3656,33.0,8,2,4,5969,1,156.0,2,1
3657,56.0,0,3,2,3337,2,99.0,3,1
3658,26.0,7,2,2,1347,1,280.0,6,2
3659,52.0,9,1,2,64,1,20.0,2,1
3660,32.0,4,2,2,249,2,258.0,1,1
3661,36.0,9,2,2,0,1,85.0,6,1
3662,26.0,1,1,2,128,1,355.0,1,1
3663,37.0,1,1,2,196,2,66.0,3,1
3664,34.0,9,1,2,351,2,467.0,1,1
3665,26.0,7,2,2,5533,2,582.0,2,1
3666,32.0,7,1,2,38,2,744.0,1,2
3667,30.0,4,2,3,35,1,185.0,4,1
3668,27.0,9,2,2,235,2,13.0,5,1
3669,42.0,0,2,2,30,2,98.0,1,1
3670,33.0,1,2,1,92,2,127.0,1,1
3671,37.0,1,1,2,67,1,45.0,2,1
3672,45.0,1,1,2,4022,2,244.0,3,1
3673,36.0,2,1,3,3057,1,2769.0,4,2
3674,39.0,4,2,3,0,2,561.0,4,1
3675,33.0,4,2,3,349,1,182.0,1,1
3676,47.0,7,1,2,2322,1,618.0,1,1
3677,49.0,2,1,2,167,2,198.0,3,1
3678,46.0,4,3,2,558,1,126.0,6,1
3679,31.0,7,1,2,-230,2,715.0,1,1
3680,43.0,10,3,2,4094,2,63.0,1,1
3681,30.0,1,2,2,239,2,412.0,1,2
3682,43.0,4,3,3,497,1,66.0,1,1
3683,42.0,1,1,2,179,2,96.0,1,1
3684,30.0,0,2,3,305,1,633.0,1,2
3685,33.0,4,2,3,-67,2,364.0,1,1
3686,41.0,0,1,2,4539,1,298.0,3,1
3687,29.0,1,2,2,770,2,341.0,1,1
3688,38.0,10,1,2,-673,2,364.0,1,1
3689,29.0,9,1,3,858,2,234.0,7,1
3690,80.0,3,1,1,0,1,639.0,1,2
3691,38.0,4,2,3,5244,1,310.0,4,1
3692,36.0,1,3,1,117,2,123.0,4,1
3693,38.0,6,1,3,846,1,253.0,1,1
3694,44.0,4,1,2,0,2,96.0,2,1
3695,31.0,4,1,3,1331,1,297.0,1,2
3696,31.0,7,2,2,31,2,501.0,2,1
3697,57.0,0,3,1,179,2,67.0,1,1
3698,37.0,1,1,1,543,2,281.0,1,1
3699,50.0,1,1,2,253,2,475.0,2,1
3700,60.0,5,1,1,71188,1,205.0,1,1
3701,51.0,4,1,3,5108,2,272.0,1,1
3702,48.0,1,1,2,1738,2,349.0,1,1
3703,42.0,1,1,1,-97,2,216.0,4,1
3704,36.0,1,1,2,199,2,183.0,1,1
3705,43.0,4,1,3,489,2,130.0,1,1
3706,31.0,0,1,1,355,2,61.0,6,1
3707,49.0,9,2,2,-97,2,92.0,2,1
3708,35.0,4,3,3,473,1,37.0,2,1
3709,44.0,2,1,2,6649,2,354.0,2,1
3710,34.0,6,1,3,263,1,203.0,1,1
3711,46.0,1,1,2,781,1,152.0,1,1
3712,49.0,1,1,1,1032,2,41.0,5,1
3713,32.0,1,1,2,119,1,20.0,5,1
3714,35.0,4,3,3,434,2,277.0,1,1
3715,51.0,0,1,2,2967,1,83.0,2,1
3716,57.0,5,3,2,-331,2,531.0,1,1
3717,59.0,4,1,3,1585,1,91.0,5,1
3718,40.0,7,3,4,4384,2,315.0,1,1
3719,49.0,4,2,3,588,1,70.0,9,1
3720,51.0,4,1,2,3180,2,384.0,1,1
3721,35.0,0,1,2,0,1,105.0,3,1
3722,29.0,6,1,2,-76,2,305.0,2,1
3723,32.0,7,2,2,152,2,158.0,2,2
3724,37.0,3,3,2,1040,2,199.0,1,1
3725,49.0,10,1,1,-384,2,25.0,1,1
3726,45.0,9,1,4,473,2,147.0,1,1
3727,34.0,9,2,2,475,2,538.0,8,1
3728,53.0,9,1,2,0,1,77.0,9,1
3729,42.0,2,1,1,149,1,94.0,2,1
3730,43.0,9,1,2,3285,2,1721.0,2,2
3731,52.0,5,1,2,424,1,143.0,1,1
3732,34.0,1,2,2,79,1,104.0,1,1
3733,34.0,9,3,3,674,2,587.0,2,2
3734,27.0,7,1,2,0,2,1608.0,13,2
3735,43.0,10,1,3,58,2,48.0,4,1
3736,41.0,9,1,3,532,2,74.0,1,1
3737,72.0,5,1,2,4130,1,427.0,1,1
3738,35.0,1,1,1,422,2,73.0,1,1
3739,41.0,4,1,3,437,2,14.0,21,1
3740,36.0,1,3,1,-308,2,725.0,1,2
3741,51.0,3,1,1,30,2,333.0,2,1
3742,37.0,6,1,3,137,1,244.0,6,1
3743,42.0,0,2,2,-247,2,519.0,1,2
3744,26.0,0,2,2,321,2,242.0,7,1
3745,23.0,7,2,2,250,2,222.0,1,1
3746,50.0,4,1,3,-470,2,130.0,2,1
3747,37.0,1,1,2,140,2,490.0,1,1
3748,35.0,4,1,3,2793,1,258.0,2,1
3749,37.0,4,1,3,410,1,337.0,2,1
3750,79.0,5,3,4,2628,1,220.0,7,1
3751,39.0,9,1,2,116,1,79.0,2,1
3752,47.0,7,1,2,0,2,250.0,1,1
3753,44.0,1,1,2,878,2,130.0,1,1
3754,36.0,4,2,3,2944,1,882.0,8,2
3755,33.0,1,2,2,3975,2,515.0,1,1
3756,42.0,7,1,2,96,2,238.0,3,1
3757,35.0,9,2,3,2288,1,32.0,2,1
3758,31.0,1,1,2,472,2,907.0,2,1
3759,58.0,7,1,1,65,1,162.0,1,1
3760,46.0,4,1,3,0,1,70.0,2,1
3761,41.0,0,2,2,400,2,99.0,6,1
3762,58.0,9,1,2,7495,2,325.0,1,1
3764,31.0,10,1,2,24,2,631.0,1,1
3765,55.0,9,3,2,3450,1,169.0,1,2
3766,38.0,9,2,2,311,2,61.0,2,1
3767,55.0,3,1,2,139,1,256.0,2,1
3768,47.0,4,2,3,0,1,58.0,3,1
3769,51.0,3,1,1,492,2,142.0,3,1
3770,46.0,4,2,3,334,2,36.0,6,1
3771,61.0,4,1,3,997,1,106.0,1,2
3772,47.0,4,2,3,440,1,71.0,4,1
3773,34.0,9,1,2,47,1,132.0,6,1
3774,34.0,1,1,2,1298,2,120.0,1,1
3775,41.0,4,3,3,3355,1,181.0,2,1
3776,36.0,1,3,2,-11,1,152.0,2,1
3777,26.0,1,2,2,396,2,302.0,1,1
3778,35.0,4,1,3,8,1,93.0,3,2
3779,36.0,1,1,2,1409,1,235.0,2,1
3780,26.0,4,2,3,170,1,129.0,1,2
3781,58.0,4,1,1,2769,2,94.0,2,1
3782,50.0,1,1,2,2320,2,310.0,1,1
3783,61.0,5,1,2,76,2,195.0,7,1
3785,49.0,1,2,1,3018,2,93.0,1,1
3786,74.0,5,1,2,921,1,394.0,2,2
3787,53.0,1,1,2,483,2,288.0,3,1
3788,46.0,6,1,2,390,2,208.0,2,1
3789,47.0,4,1,3,0,1,508.0,1,2
3790,42.0,1,2,1,92,1,86.0,2,1
3791,56.0,7,1,2,22196,2,189.0,1,1
3792,42.0,9,1,2,2,1,249.0,2,1
3793,49.0,3,1,1,249,2,450.0,1,1
3794,43.0,10,2,4,3274,2,680.0,1,1
3795,39.0,7,1,2,5731,2,175.0,2,1
3796,66.0,5,1,1,206,1,479.0,1,2
3797,30.0,9,2,3,2325,1,270.0,3,1
3798,38.0,4,2,3,0,1,164.0,1,1
3799,31.0,1,1,2,1664,2,158.0,1,1
3800,32.0,9,1,2,3333,1,50.0,4,1
3801,48.0,9,1,2,7020,1,80.0,2,1
3802,34.0,0,1,3,37,1,45.0,1,1
3803,28.0,8,2,2,28,1,220.0,2,1
3804,40.0,0,2,2,1670,2,161.0,2,1
3805,36.0,2,1,2,134,1,98.0,1,1
3806,52.0,5,1,2,603,1,79.0,1,1
3807,46.0,0,1,1,276,2,157.0,2,1
3808,25.0,9,2,2,2157,2,339.0,1,1
3809,13.0,1,1,2,161,2,274.0,2,1
3810,40.0,1,1,1,3658,2,977.0,1,1
3811,26.0,4,3,3,-402,1,127.0,2,1
3812,26.0,1,2,1,3342,2,329.0,4,1
3813,35.0,6,2,2,1732,1,1441.0,3,1
3814,40.0,0,2,2,263,2,231.0,1,1
3815,31.0,4,1,3,623,2,96.0,2,1
3816,32.0,0,1,2,3540,2,213.0,1,1
3817,33.0,0,1,2,95,2,335.0,1,2
3818,53.0,7,3,2,765,2,959.0,3,2
3819,46.0,9,3,2,-824,2,429.0,3,2
3820,28.0,4,2,3,5549,1,383.0,6,1
3821,31.0,1,1,2,191,2,40.0,1,1
3822,44.0,1,1,1,420,2,110.0,2,1
3823,35.0,0,1,2,0,1,326.0,1,1
3824,50.0,9,3,4,2706,2,179.0,3,1
3825,32.0,9,1,2,4,2,132.0,8,1
3826,51.0,0,1,2,423,2,95.0,1,1
3827,51.0,4,1,3,-892,2,248.0,2,1
3828,31.0,1,1,4,-120,2,100.0,3,1
3829,41.0,0,3,2,-365,2,226.0,10,1
3830,57.0,9,1,3,27069,1,174.0,3,1
3831,34.0,4,2,3,8038,2,29.0,3,1
3832,47.0,9,1,2,-938,2,176.0,2,1
3833,47.0,0,3,2,1139,2,106.0,2,1
3834,36.0,6,1,2,189,2,136.0,1,1
3835,29.0,3,2,3,19,1,110.0,2,2
3836,39.0,9,1,2,3663,1,230.0,3,1
3837,53.0,1,2,4,0,1,140.0,7,1
3838,47.0,1,1,2,-614,2,118.0,2,1
3839,51.0,9,3,2,2323,2,151.0,10,1
3840,48.0,1,1,2,425,2,693.0,2,1
3841,32.0,9,1,2,5122,1,31.0,1,1
3842,36.0,4,3,3,608,1,125.0,2,1
3843,50.0,11,1,1,341,2,670.0,4,2
3844,39.0,0,1,2,607,2,454.0,2,2
3845,31.0,1,1,2,1495,2,159.0,3,1
3846,49.0,0,1,2,381,1,504.0,2,1
3847,33.0,10,3,2,385,1,29.0,28,1
3848,26.0,4,2,3,1274,2,190.0,1,1
3849,27.0,1,1,2,362,2,332.0,2,1
3850,51.0,1,1,1,377,2,143.0,4,1
3851,26.0,0,2,2,802,1,77.0,1,1
3852,45.0,0,1,2,194,1,517.0,4,1
3853,54.0,9,1,2,-315,1,2029.0,1,2
3854,49.0,9,1,3,1843,2,269.0,1,1
3855,47.0,9,1,2,-9,1,457.0,2,1
3856,42.0,3,1,1,83,1,184.0,1,1
3857,50.0,2,1,3,433,2,47.0,4,1
3858,37.0,0,1,2,-107,2,158.0,2,1
3859,54.0,1,1,1,4503,1,168.0,3,1
3860,40.0,7,1,2,51,2,50.0,1,1
3861,50.0,7,1,2,961,1,757.0,4,1
3862,57.0,5,1,2,49,2,93.0,4,1
3863,33.0,9,1,2,3470,1,285.0,2,1
3864,49.0,9,1,2,-147,2,390.0,1,1
3865,35.0,7,1,2,0,2,146.0,2,1
3866,28.0,1,2,2,0,2,386.0,1,1
3867,58.0,4,1,3,172,1,145.0,7,1
3868,31.0,0,2,2,-407,1,230.0,1,1
3869,36.0,4,3,3,649,1,237.0,2,1
3870,49.0,1,2,1,1040,1,474.0,2,1
3871,30.0,10,1,2,142,2,350.0,4,1
3872,29.0,7,2,2,209,2,487.0,7,1
3873,50.0,4,1,4,3304,1,1009.0,2,1
3874,26.0,8,2,3,294,1,87.0,1,2
3875,27.0,3,1,2,4848,2,82.0,3,1
3876,32.0,1,2,2,1670,2,183.0,1,1
3877,62.0,11,1,2,367,1,139.0,5,1
3878,34.0,1,2,2,13683,2,115.0,3,1
3879,25.0,0,2,3,1420,1,124.0,2,1
3880,34.0,4,2,3,340,2,633.0,28,1
3881,44.0,9,2,2,1679,1,718.0,1,2
3882,38.0,4,1,3,1198,2,63.0,1,1
3883,57.0,0,1,2,169,1,180.0,1,1
3884,36.0,6,1,3,506,1,47.0,1,1
3885,41.0,2,1,2,1249,2,391.0,1,1
3886,36.0,4,2,3,678,1,85.0,3,1
3887,27.0,4,2,3,212,2,373.0,1,1
3888,37.0,9,3,2,23,1,289.0,2,1
3889,47.0,4,2,3,4402,1,805.0,1,2
3890,31.0,7,3,1,459,2,623.0,1,2
3891,39.0,6,1,2,4722,2,483.0,1,1
3892,35.0,0,3,3,1555,2,26.0,2,1
3893,40.0,1,1,2,61,2,112.0,3,1
3894,38.0,4,2,3,0,2,213.0,2,1
3895,31.0,9,1,2,3706,2,129.0,1,1
3896,36.0,1,1,1,1177,1,330.0,1,2
3897,53.0,4,1,1,2096,1,104.0,1,1
3898,59.0,1,1,1,748,1,184.0,1,1
3899,29.0,4,2,3,3357,1,120.0,3,1
3900,30.0,0,2,2,3809,2,159.0,4,1
3901,52.0,0,1,2,395,2,391.0,3,1
3902,55.0,1,1,2,1011,2,112.0,2,1
3903,56.0,1,1,1,420,2,76.0,1,1
3904,32.0,0,1,2,76,2,189.0,2,1
3905,24.0,1,1,2,0,1,94.0,1,1
3906,51.0,1,1,1,844,2,184.0,3,1
3907,36.0,4,1,3,1318,2,100.0,2,1
3908,36.0,9,1,3,167,2,57.0,1,1
3909,42.0,4,1,3,2187,2,525.0,3,2
3910,49.0,0,1,2,14440,2,60.0,1,1
3911,48.0,4,1,2,2294,2,251.0,11,1
3912,36.0,4,1,2,80,2,251.0,3,1
3913,48.0,4,1,1,2537,1,219.0,6,1
3914,30.0,9,1,3,569,1,976.0,12,2
3915,27.0,4,2,3,0,1,46.0,1,1
3916,38.0,2,1,3,0,2,185.0,3,1
3917,36.0,9,2,2,12,1,587.0,2,2
3918,45.0,9,1,2,49,1,65.0,2,1
3919,44.0,3,1,3,460,1,491.0,1,1
3920,42.0,9,1,2,613,2,432.0,2,1
3921,37.0,2,1,3,7944,1,102.0,1,1
3922,48.0,1,1,2,1143,2,264.0,1,1
3923,57.0,5,1,1,-464,2,75.0,1,1
3924,44.0,7,1,2,1989,2,106.0,2,1
3925,48.0,9,1,2,17,2,81.0,1,1
3926,56.0,5,1,1,-1,1,89.0,23,1
3927,37.0,4,1,3,1698,2,95.0,2,1
3928,47.0,1,1,2,5306,2,322.0,1,1
3929,54.0,3,1,4,0,1,94.0,5,1
3930,51.0,5,3,2,1679,1,417.0,1,2
3931,47.0,0,1,2,3676,1,567.0,1,2
3932,25.0,4,1,3,-242,2,600.0,4,2
3933,39.0,7,2,2,471,1,5.0,1,1
3934,40.0,4,1,3,8902,2,464.0,5,1
3935,38.0,4,2,3,1704,1,222.0,1,1
3936,34.0,4,1,3,3050,2,469.0,1,2
3937,53.0,3,1,1,2581,1,99.0,1,1
3938,32.0,7,1,2,162,2,297.0,2,1
3939,35.0,1,1,2,243,2,41.0,3,1
3940,24.0,8,2,2,1847,1,390.0,1,1
3941,58.0,1,1,1,0,2,535.0,2,1
3942,49.0,4,1,1,3371,1,269.0,2,2
3943,45.0,7,2,2,1757,2,1010.0,3,1
3944,55.0,4,1,3,171,2,73.0,6,1
3945,42.0,2,1,3,157,2,650.0,1,1
3946,28.0,0,1,2,934,2,53.0,2,1
3947,48.0,1,1,2,-19,1,270.0,1,1
3948,51.0,4,2,3,-55,2,119.0,6,1
3949,38.0,3,1,1,21,1,634.0,2,1
3950,27.0,1,2,2,14,1,72.0,2,1
3951,50.0,9,2,2,246,2,270.0,1,1
3952,44.0,1,1,1,887,2,165.0,2,1
3953,40.0,4,1,3,51,1,164.0,2,1
3954,29.0,7,2,2,-287,2,196.0,1,1
3955,34.0,7,1,2,0,2,78.0,4,1
3956,44.0,6,2,3,2734,2,897.0,4,2
3957,50.0,2,1,3,52,1,22.0,8,1
3958,34.0,4,1,3,2594,2,161.0,3,1
3959,54.0,5,3,1,22,1,23.0,4,1
3960,34.0,9,1,3,1611,2,490.0,2,1
3961,34.0,0,2,3,18,2,359.0,1,2
3962,52.0,1,1,1,1331,2,213.0,2,1
3963,60.0,11,1,4,7337,1,122.0,1,1
3964,39.0,4,2,2,835,2,587.0,4,1
3965,58.0,5,1,1,5092,1,199.0,6,1
3966,41.0,9,3,2,52,1,261.0,2,1
3967,48.0,9,1,2,10655,1,5.0,3,1
3968,58.0,4,1,3,1831,1,1531.0,1,1
3969,40.0,6,1,1,92,2,92.0,1,1
3970,48.0,4,1,3,586,2,179.0,2,1
3971,52.0,1,3,1,1758,2,41.0,1,1
3972,50.0,6,1,2,2061,2,197.0,2,1
3973,25.0,9,2,2,959,1,144.0,5,1
3974,54.0,5,1,1,208,1,255.0,1,1
3975,34.0,7,1,2,-315,2,56.0,2,1
3976,48.0,4,1,3,-13,2,20.0,6,1
3977,37.0,0,1,3,801,1,331.0,7,1
3978,66.0,5,1,3,1948,1,216.0,1,2
3979,32.0,4,2,3,751,2,64.0,1,1
3980,45.0,1,1,2,784,2,34.0,1,1
3981,43.0,1,2,2,24,1,68.0,1,1
3982,41.0,4,1,3,72,2,764.0,3,1
3983,40.0,9,3,3,1871,2,64.0,1,1
3984,44.0,7,2,2,1378,2,257.0,2,1
3985,43.0,1,1,1,188,2,58.0,3,1
3986,30.0,11,2,3,6836,1,30.0,3,1
3987,32.0,7,1,2,61,2,529.0,5,1
3988,57.0,0,1,2,-967,2,8.0,7,1
3989,31.0,1,2,3,462,2,147.0,1,1
3990,49.0,11,1,2,0,1,173.0,2,1
3991,31.0,0,2,2,5527,2,132.0,1,1
3992,41.0,0,1,3,1287,1,286.0,1,1
3993,44.0,4,1,3,17361,1,476.0,1,1
3994,54.0,2,1,4,1956,1,221.0,5,1
3995,37.0,1,3,2,0,2,146.0,4,2
3996,34.0,4,1,2,-294,2,532.0,2,1
3997,43.0,9,1,2,275,1,69.0,6,1
3998,44.0,4,1,3,724,2,157.0,2,1
3999,44.0,7,1,2,27,1,485.0,1,1
4000,53.0,0,3,2,26,2,56.0,1,1
4001,36.0,9,1,2,191,1,69.0,1,1
4002,58.0,9,3,2,-123,1,131.0,2,1
4003,26.0,8,2,2,-147,1,95.0,2,1
4004,34.0,9,2,2,179,1,294.0,3,1
4005,55.0,1,1,1,1086,2,146.0,1,1
4006,55.0,1,1,2,471,2,58.0,2,1
4007,34.0,2,1,3,105,2,249.0,2,1
4008,41.0,2,3,2,1588,2,10.0,8,1
4009,38.0,3,3,2,70,1,255.0,3,2
4010,28.0,1,2,2,2700,1,337.0,4,1
4011,41.0,9,1,2,1602,2,142.0,1,1
4012,30.0,0,1,3,0,2,209.0,2,1
4013,39.0,9,1,4,839,1,825.0,2,1
4014,41.0,0,1,2,21515,2,87.0,1,1
4015,36.0,9,1,2,5902,2,219.0,4,1
4016,37.0,4,1,3,547,2,143.0,1,1
4017,59.0,6,1,3,3800,1,70.0,1,1
4018,26.0,9,2,2,261,2,371.0,2,1
4019,43.0,9,1,2,0,2,539.0,8,1
4020,42.0,4,1,2,-34,1,176.0,1,1
4021,46.0,1,1,4,9328,2,725.0,3,2
4022,31.0,0,1,2,5,2,101.0,7,1
4023,43.0,10,1,2,3529,1,169.0,2,1
4024,48.0,1,2,3,2330,2,15.0,1,1
4025,41.0,1,1,2,1334,2,234.0,5,1
4026,32.0,6,1,3,3601,1,171.0,15,1
4027,45.0,9,1,3,265,1,14.0,3,1
4028,52.0,0,2,4,2227,1,242.0,2,2
4029,37.0,6,1,2,487,1,155.0,15,1
4030,38.0,1,3,2,0,2,580.0,1,1
4031,36.0,7,2,2,174,2,223.0,2,1
4032,58.0,5,1,2,14412,1,297.0,1,1
4033,37.0,4,1,3,3288,1,124.0,2,1
4034,30.0,9,2,2,57,1,465.0,2,1
4035,47.0,9,1,2,2246,2,330.0,1,1
4036,40.0,9,1,2,4441,2,153.0,2,1
4037,42.0,4,3,3,0,1,131.0,2,1
4038,71.0,11,1,3,353,1,208.0,1,1
4039,54.0,1,1,2,448,2,98.0,1,1
4040,53.0,2,1,1,27,2,230.0,3,2
4041,33.0,1,3,2,474,1,400.0,2,1
4042,30.0,9,2,3,1185,2,284.0,1,1
4043,39.0,7,3,2,282,2,243.0,1,1
4044,32.0,1,1,2,2,2,16.0,9,1
4045,34.0,9,2,2,60,1,274.0,2,1
4046,39.0,6,2,3,3972,1,122.0,3,1
4047,75.0,5,1,2,26452,1,219.0,2,1
4048,33.0,0,3,2,818,2,301.0,3,1
4049,40.0,7,1,2,9374,2,7.0,8,1
4050,37.0,9,1,4,47,1,374.0,3,1
4051,69.0,5,1,1,279,1,26.0,1,1
4052,52.0,10,1,1,20,2,172.0,1,1
4053,31.0,0,3,2,360,1,332.0,1,1
4054,28.0,9,2,2,1532,1,253.0,1,1
4055,29.0,4,2,3,1673,1,200.0,2,1
4056,46.0,7,1,2,2420,1,405.0,2,1
4057,28.0,1,1,2,100,2,132.0,2,1
4058,41.0,0,1,2,0,1,89.0,1,1
4059,42.0,9,3,2,1533,1,86.0,1,1
4060,34.0,0,2,2,296,1,147.0,4,1
4061,28.0,1,1,2,2788,2,369.0,2,2
4062,43.0,4,2,2,109,2,64.0,3,1
4063,32.0,9,1,2,485,1,98.0,14,1
4064,33.0,9,2,3,125,1,66.0,2,1
4065,70.0,5,1,2,616,1,149.0,2,1
4066,36.0,7,1,2,3064,2,240.0,3,1
4067,53.0,9,1,2,206,1,87.0,6,1
4068,30.0,1,2,2,6900,1,816.0,1,1
4069,45.0,7,3,2,-179,1,155.0,2,1
4070,31.0,7,2,2,481,2,106.0,2,1
4071,28.0,0,1,2,12,2,73.0,3,1
4072,45.0,1,1,1,0,1,574.0,5,1
4073,51.0,4,1,3,176,2,8.0,1,1
4074,53.0,4,1,1,4086,1,14.0,3,1
4075,40.0,9,1,2,257,2,731.0,4,1
4076,53.0,1,1,1,53,2,208.0,1,1
4077,31.0,1,3,2,6,2,821.0,1,1
4078,30.0,4,1,3,562,1,137.0,4,1
4079,53.0,2,1,2,-118,2,101.0,3,1
4080,40.0,1,1,1,2805,2,173.0,6,1
4081,26.0,4,2,2,565,2,582.0,11,1
4082,47.0,1,1,2,0,2,676.0,1,1
4083,51.0,4,1,3,1612,1,384.0,1,1
4084,45.0,10,1,1,180,2,62.0,2,1
4085,35.0,4,1,3,0,2,295.0,3,1
4086,36.0,4,2,3,876,2,241.0,2,1
4087,57.0,0,1,2,2137,1,132.0,7,1
4088,42.0,1,1,1,260,2,175.0,2,1
4089,32.0,1,1,2,-53,2,648.0,1,2
4090,30.0,4,1,3,944,1,251.0,2,2
4091,36.0,9,1,2,2394,1,184.0,2,1
4092,43.0,9,1,2,297,2,119.0,3,1
4093,69.0,5,2,3,2144,1,417.0,1,2
4094,31.0,9,2,3,969,1,95.0,1,1
4095,35.0,9,1,2,0,1,125.0,2,1
4096,26.0,2,1,3,37,2,207.0,1,1
4097,46.0,9,1,2,410,1,162.0,5,1
4098,30.0,9,1,2,1211,2,176.0,1,1
4099,33.0,4,2,3,71,1,107.0,6,1
4101,48.0,1,1,1,559,2,1231.0,2,1
4102,31.0,4,1,3,1170,1,200.0,4,1
4103,46.0,4,3,3,25,1,103.0,2,1
4104,40.0,7,1,2,1325,1,150.0,2,1
4105,39.0,2,1,2,0,1,108.0,7,1
4106,33.0,9,2,2,647,2,124.0,1,1
4107,50.0,1,1,1,2142,2,309.0,2,1
4108,84.0,5,3,1,639,1,353.0,3,2
4109,40.0,1,1,1,177,2,742.0,4,1
4110,55.0,4,1,3,236,1,200.0,1,1
4111,40.0,7,3,2,1959,2,177.0,1,1
4112,46.0,0,1,1,96,1,151.0,2,1
4113,43.0,6,2,3,0,1,147.0,1,1
4114,34.0,1,1,2,250,2,193.0,6,1
4115,35.0,9,2,2,126,1,112.0,2,1
4116,57.0,5,1,4,1621,2,108.0,1,1
4117,25.0,8,2,2,8,1,107.0,2,2
4118,32.0,6,1,3,189,2,106.0,2,1
4119,52.0,5,2,2,316,1,463.0,3,1
4120,31.0,6,2,3,-282,2,131.0,3,1
4121,34.0,4,1,3,-308,2,140.0,2,1
4122,42.0,9,3,2,248,1,163.0,4,1
4123,47.0,1,3,1,126,2,2456.0,2,2
4124,50.0,6,3,3,13,2,76.0,1,2
4125,30.0,9,1,2,-393,2,435.0,1,2
4126,33.0,7,2,2,358,2,302.0,1,1
4127,56.0,9,2,3,917,1,306.0,1,1
4128,34.0,0,3,2,1268,2,259.0,3,1
4129,33.0,9,1,2,-163,2,502.0,2,1
4130,32.0,4,2,3,473,2,72.0,2,1
4131,34.0,4,1,3,4831,2,265.0,1,1
4132,37.0,9,1,2,1063,2,413.0,2,1
4133,30.0,4,1,2,0,2,756.0,3,1
4134,29.0,1,1,2,424,2,241.0,2,1
4135,56.0,10,3,1,802,1,258.0,2,1
4136,31.0,4,1,3,430,2,137.0,16,1
4137,59.0,11,1,4,3940,1,48.0,2,1
4138,36.0,3,1,2,2880,1,283.0,1,1
4139,51.0,1,3,2,1069,2,247.0,2,1
4140,54.0,6,3,1,4382,2,193.0,4,1
4141,37.0,4,1,3,0,1,129.0,4,1
4142,32.0,9,1,3,3939,1,209.0,2,1
4143,42.0,6,1,3,753,1,31.0,1,1
4144,29.0,1,1,2,358,1,88.0,5,1
4145,52.0,1,1,1,1141,2,22.0,5,1
4146,40.0,9,1,2,1259,1,234.0,5,1
4147,30.0,7,1,2,227,1,23.0,1,1
4148,55.0,2,3,2,538,2,353.0,2,2
4149,49.0,4,1,3,92,2,221.0,2,1
4150,33.0,9,1,3,8023,1,196.0,1,1
4151,32.0,7,2,2,2478,1,395.0,1,1
4152,21.0,8,2,2,6844,1,126.0,3,1
4153,42.0,9,1,2,440,2,13.0,5,1
4154,56.0,6,1,2,800,1,170.0,1,1
4155,39.0,11,2,2,914,1,20.0,1,1
4156,30.0,2,2,2,638,1,358.0,6,1
4157,55.0,5,1,2,159,1,159.0,1,1
4158,43.0,1,1,1,483,2,225.0,3,1
4159,53.0,10,1,2,94,1,493.0,1,2
4160,57.0,5,1,2,1044,1,585.0,1,2
4161,39.0,6,2,4,0,1,13.0,11,1
4162,56.0,9,3,3,401,2,26.0,1,1
4163,29.0,7,2,4,33,1,161.0,1,1
4164,38.0,1,1,1,506,2,122.0,1,1
4165,59.0,4,1,3,1881,1,456.0,2,1
4166,42.0,9,2,4,344,2,26.0,7,1
4167,46.0,1,1,1,0,2,51.0,9,1
4168,31.0,0,1,2,3,2,37.0,12,1
4169,35.0,7,3,2,221,2,150.0,1,1
4170,50.0,6,1,2,36,1,104.0,10,1
4171,42.0,1,1,1,969,2,721.0,1,1
4172,36.0,7,2,2,760,1,9.0,13,1
4173,25.0,0,2,3,220,1,68.0,1,1
4174,42.0,4,2,3,10907,1,74.0,3,1
4175,27.0,8,2,3,-148,2,146.0,3,1
4176,32.0,1,1,1,415,2,777.0,4,2
4177,57.0,4,1,3,1341,2,339.0,2,1
4178,48.0,1,1,2,865,2,78.0,2,1
4179,34.0,1,3,2,-566,2,248.0,2,1
4180,33.0,7,1,2,210,2,201.0,1,1
4181,26.0,9,2,2,1275,2,18.0,9,1
4182,50.0,1,1,2,579,1,83.0,4,1
4183,60.0,9,2,3,2934,1,233.0,2,1
4184,47.0,4,1,3,6637,2,174.0,2,1
4185,31.0,4,1,3,271,1,89.0,1,1
4186,52.0,9,1,3,0,1,145.0,3,1
4187,36.0,7,1,2,472,2,1017.0,1,1
4188,43.0,1,1,1,487,2,548.0,2,1
4189,30.0,9,2,3,699,2,213.0,4,1
4190,32.0,1,1,2,150,1,210.0,1,1
4191,31.0,4,2,3,1130,2,224.0,3,1
4192,29.0,4,2,2,584,2,541.0,19,1
4193,48.0,7,3,2,3186,1,104.0,1,1
4194,32.0,7,2,2,133,1,171.0,1,2
4195,30.0,3,2,3,868,1,387.0,2,1
4196,48.0,1,1,2,480,2,830.0,1,2
4197,51.0,1,1,4,1883,2,57.0,1,1
4198,34.0,4,1,3,606,1,97.0,1,2
4199,35.0,1,1,2,603,2,474.0,2,1
4200,49.0,4,2,1,548,1,115.0,6,1
4201,36.0,10,1,2,-872,2,153.0,1,1
4202,37.0,1,3,2,33,2,106.0,2,1
4203,37.0,4,1,3,1689,2,645.0,2,1
4204,49.0,1,1,1,902,1,210.0,2,1
4205,44.0,7,3,2,0,2,97.0,1,1
4206,40.0,8,1,2,260,1,52.0,1,1
4207,57.0,9,1,2,589,2,223.0,1,1
4208,39.0,9,1,2,626,2,126.0,2,1
4209,38.0,7,1,2,0,1,1473.0,6,1
4210,51.0,1,3,2,78,2,723.0,2,1
4211,27.0,1,2,2,3792,1,279.0,2,2
4212,38.0,1,2,3,14058,1,293.0,20,1
4213,30.0,9,2,2,-522,2,670.0,2,2
4214,36.0,8,2,4,386,1,359.0,2,1
4215,37.0,10,1,2,1978,1,404.0,1,2
4216,53.0,0,1,2,459,1,317.0,6,1
4217,38.0,10,1,3,2812,2,830.0,1,2
4218,48.0,4,1,3,5057,1,37.0,1,1
4219,26.0,3,1,2,-759,2,191.0,1,1
4220,33.0,1,2,2,-416,2,767.0,2,2
4221,47.0,9,1,4,2106,2,168.0,1,1
4222,45.0,4,3,3,220,2,89.0,4,1
4223,32.0,1,3,2,0,2,746.0,2,1
4224,69.0,5,1,4,426,1,225.0,1,2
4225,65.0,11,1,4,4717,1,256.0,1,2
4226,37.0,1,1,2,395,2,219.0,2,1
4227,45.0,1,3,1,0,2,211.0,2,1
4228,36.0,1,1,2,-206,2,177.0,2,1
4229,62.0,6,3,3,6,2,216.0,1,2
4230,37.0,4,1,3,4039,1,106.0,2,1
4231,39.0,7,3,2,687,2,869.0,1,2
4232,38.0,9,2,2,-242,2,1173.0,3,2
4233,31.0,4,1,3,582,2,58.0,2,1
4234,58.0,1,3,1,8218,2,124.0,10,1
4235,44.0,4,2,3,1424,2,201.0,2,1
4236,31.0,1,1,2,92,2,688.0,1,2
4237,33.0,9,2,2,2085,1,501.0,2,2
4238,36.0,9,2,3,197,1,260.0,1,2
4239,31.0,9,2,2,2305,1,139.0,1,1
4240,45.0,0,1,2,-547,2,214.0,2,1
4241,30.0,9,2,3,411,1,142.0,1,1
4242,34.0,1,1,2,584,2,154.0,2,1
4243,34.0,4,1,3,997,2,81.0,1,1
4244,39.0,0,3,2,83,2,69.0,6,1
4245,416.0,4,1,3,6563,1,136.0,8,1
4246,32.0,7,2,2,0,2,99.0,13,1
4247,32.0,4,2,3,0,1,9.0,6,1
4248,36.0,1,1,1,398,2,278.0,1,1
4249,35.0,0,1,3,1145,2,82.0,2,1
4250,32.0,4,2,3,2,2,100.0,2,2
4251,33.0,4,2,3,201,2,171.0,1,1
4252,49.0,2,1,1,563,1,84.0,1,1
4253,35.0,4,1,3,3161,1,433.0,2,1
4254,31.0,9,1,2,0,1,624.0,6,1
4255,42.0,4,1,2,1331,1,698.0,2,1
4256,34.0,3,1,1,2929,1,518.0,2,2
4257,32.0,7,1,2,-220,2,123.0,2,1
4258,29.0,4,2,3,5980,2,317.0,1,1
4259,32.0,7,2,2,48,2,8.0,3,1
4260,50.0,3,2,4,0,1,118.0,8,1
4261,58.0,5,1,2,3382,1,294.0,2,1
4262,59.0,9,1,2,2308,1,815.0,1,2
4263,25.0,8,1,3,10,2,857.0,4,2
4264,57.0,7,1,2,162,2,174.0,1,1
4265,30.0,1,2,2,1073,2,1130.0,4,1
4266,26.0,7,2,2,1700,2,13.0,5,1
4267,50.0,7,2,1,148,2,198.0,2,1
4268,39.0,7,1,2,0,2,503.0,1,1
4269,45.0,1,1,1,185,2,249.0,3,1
4270,37.0,4,3,3,896,1,343.0,2,1
4271,47.0,1,3,1,1279,2,479.0,2,1
4272,50.0,9,1,3,199,2,116.0,2,1
4273,40.0,4,1,2,99,1,15.0,5,1
4274,35.0,1,1,1,378,2,427.0,3,1
4275,53.0,4,1,3,15,1,921.0,2,2
4276,35.0,0,1,2,147,2,41.0,1,1
4277,54.0,9,1,2,2225,1,73.0,2,1
4278,35.0,0,2,2,1810,2,65.0,2,1
4279,31.0,3,1,4,-6,1,94.0,2,1
4280,46.0,9,3,2,435,2,192.0,3,1
4281,52.0,4,1,2,335,1,411.0,1,2
4282,34.0,0,3,2,-251,1,641.0,1,2
4283,46.0,7,3,2,5,2,305.0,2,1
4284,54.0,6,1,2,641,2,472.0,1,1
4285,37.0,0,1,3,0,2,115.0,1,1
4286,39.0,0,1,3,722,1,141.0,1,1
4287,50.0,9,1,3,3337,2,24.0,14,1
4288,44.0,9,3,2,0,1,264.0,5,1
4289,56.0,0,1,2,1504,2,66.0,2,1
4290,40.0,7,1,3,35,1,318.0,4,1
4291,36.0,7,1,2,895,2,622.0,1,1
4292,33.0,4,1,3,752,2,104.0,4,1
4293,33.0,1,2,2,1925,2,76.0,2,1
4294,42.0,7,1,2,-246,2,149.0,1,1
4295,30.0,6,2,3,901,2,601.0,1,1
4296,33.0,0,2,2,894,1,509.0,2,1
4297,26.0,1,2,2,592,2,174.0,1,1
4298,26.0,0,2,2,3529,1,57.0,2,1
4299,37.0,7,1,2,0,2,187.0,2,1
4300,59.0,5,1,1,0,1,493.0,2,2
4301,49.0,1,1,1,371,2,18.0,44,1
4302,33.0,1,2,1,1,2,257.0,1,1
4303,46.0,9,2,2,834,2,196.0,2,1
4304,55.0,2,1,1,298,2,144.0,3,1
4305,49.0,7,1,3,306,2,285.0,7,1
4306,51.0,9,1,2,143,2,627.0,1,1
4307,27.0,0,1,2,186,2,136.0,2,1
4308,44.0,9,1,2,5597,1,27.0,3,1
4309,40.0,7,2,2,1547,2,88.0,2,1
4310,36.0,4,1,3,1852,1,362.0,1,1
4311,46.0,0,2,2,1790,2,214.0,5,1
4312,30.0,7,2,2,20,2,404.0,6,1
4313,35.0,0,1,2,8652,2,103.0,6,1
4314,31.0,9,2,2,1626,1,356.0,2,1
4315,37.0,0,1,2,749,1,219.0,1,1
4316,49.0,1,1,4,51,2,984.0,1,1
4317,27.0,7,2,2,-1,1,60.0,2,1
4318,32.0,1,1,2,-32,2,145.0,1,1
4319,70.0,5,3,2,6850,1,252.0,3,1
4320,22.0,9,2,2,333,1,129.0,1,1
4321,58.0,1,1,2,-27,1,77.0,13,1
4322,33.0,1,1,2,932,2,226.0,1,1
4323,83.0,5,3,1,0,1,664.0,1,1
4324,50.0,4,3,3,100,2,157.0,1,1
4325,53.0,1,1,2,-626,2,205.0,1,1
4326,37.0,4,2,3,9,1,484.0,2,1
4327,55.0,7,3,1,653,1,800.0,1,1
4328,49.0,0,1,2,3608,2,231.0,1,2
4329,41.0,1,1,1,293,2,102.0,1,1
4330,40.0,4,2,3,36,2,240.0,3,1
4331,48.0,4,1,3,263,2,350.0,2,1
4332,27.0,8,2,2,8366,1,458.0,2,1
4333,30.0,4,2,3,2186,2,366.0,1,1
4334,37.0,2,2,2,20453,2,115.0,1,1
4335,37.0,7,2,2,105,1,260.0,4,1
4336,40.0,1,1,2,440,2,327.0,2,1
4337,73.0,5,1,4,519,1,434.0,1,2
4338,50.0,4,1,3,19447,2,166.0,1,1
4339,53.0,1,1,1,225,1,171.0,7,1
4340,47.0,1,1,2,2548,2,577.0,1,1
4341,33.0,9,3,2,0,1,224.0,8,1
4342,50.0,1,1,4,2284,2,1088.0,17,2
4343,51.0,1,1,1,40,2,79.0,1,1
4344,42.0,3,3,3,364,1,52.0,1,1
4345,34.0,9,2,2,174,1,259.0,4,1
4346,44.0,9,1,2,10888,2,163.0,1,1
4347,32.0,0,1,2,0,2,159.0,2,1
4348,60.0,5,1,3,225,1,54.0,2,1
4349,60.0,5,3,3,2131,1,421.0,6,1
4350,29.0,1,2,2,-20,1,574.0,1,2
4351,39.0,4,2,2,36,1,70.0,2,1
4352,47.0,1,1,1,2642,1,310.0,2,1
4353,30.0,0,1,3,400,2,223.0,1,1
4354,31.0,9,2,3,1214,1,39.0,1,1
4355,34.0,4,2,3,-292,2,181.0,6,1
4356,51.0,0,1,2,1415,2,151.0,3,1
4357,38.0,1,1,2,213,2,270.0,15,1
4358,47.0,0,2,2,2540,1,110.0,5,1
4359,46.0,3,2,3,3232,1,94.0,2,1
4360,33.0,4,1,3,296,1,90.0,2,1
4361,30.0,4,1,3,42,1,115.0,6,1
4362,40.0,9,1,2,697,1,220.0,2,1
4363,38.0,1,2,2,13156,2,291.0,4,1
4364,63.0,5,3,2,1490,1,506.0,1,2
4365,33.0,4,1,3,150,1,151.0,2,1
4366,59.0,5,1,2,0,1,812.0,1,2
4367,29.0,4,2,3,4210,2,119.0,1,1
4368,54.0,7,3,2,1012,2,33.0,3,1
4369,57.0,9,1,2,16063,2,352.0,3,1
4370,57.0,1,1,1,5431,2,383.0,1,1
4371,28.0,7,2,2,317,2,21.0,3,1
4372,30.0,9,2,2,4787,2,266.0,1,1
4373,28.0,1,1,2,225,2,866.0,2,1
4374,45.0,7,3,1,3854,2,10.0,3,1
4375,29.0,7,3,2,92,2,240.0,1,1
4376,42.0,1,1,1,-10,2,291.0,4,1
4377,31.0,1,1,2,-617,2,115.0,2,1
4378,59.0,3,3,1,195,1,366.0,2,1
4379,41.0,1,1,1,1172,2,153.0,1,1
4380,57.0,3,1,2,0,1,197.0,2,1
4381,43.0,7,3,2,0,1,106.0,4,1
4382,30.0,7,3,2,-94,2,41.0,2,1
4383,26.0,0,2,2,609,1,112.0,1,1
4384,52.0,4,2,3,4,1,30.0,9,1
4385,32.0,2,3,2,1121,2,211.0,3,1
4386,39.0,4,3,3,355,2,313.0,5,1
4387,31.0,1,1,2,3653,2,252.0,1,1
4388,83.0,5,3,1,1097,1,181.0,1,2
4389,34.0,4,1,3,436,1,118.0,4,1
4390,40.0,1,1,2,4795,2,57.0,1,1
4391,39.0,6,1,2,266,1,102.0,2,1
4392,50.0,10,1,2,3357,1,239.0,4,2
4393,30.0,9,1,3,101,2,187.0,3,1
4394,43.0,1,1,2,10910,2,66.0,2,1
4395,49.0,1,1,2,1568,1,206.0,6,1
4396,41.0,5,2,1,0,1,239.0,1,1
4397,35.0,1,1,2,305,2,7.0,7,1
4398,57.0,5,1,3,31,1,260.0,2,1
4399,29.0,2,1,2,452,2,347.0,1,1
4400,48.0,0,1,2,5,2,697.0,2,1
4401,38.0,2,3,3,7929,1,182.0,3,1
4402,41.0,2,1,1,39,2,549.0,2,2
4403,39.0,3,1,1,267,1,1151.0,5,1
4404,31.0,4,1,3,4945,1,445.0,1,1
4405,51.0,9,1,2,463,2,213.0,5,1
4406,35.0,10,2,2,2116,2,409.0,2,1
4407,45.0,0,3,2,59,2,873.0,8,2
4408,28.0,1,1,2,131,2,147.0,5,1
4409,57.0,5,1,2,107,1,85.0,2,1
4410,36.0,10,1,2,-35,1,339.0,3,1
4411,49.0,9,1,1,230,2,96.0,1,1
4412,34.0,4,2,3,2679,2,195.0,1,1
4413,65.0,5,1,1,493,1,622.0,1,1
4414,26.0,7,2,2,256,2,101.0,2,1
4415,52.0,1,1,1,-133,1,96.0,2,1
4416,32.0,1,2,2,811,2,563.0,1,2
4417,33.0,10,1,3,302,2,670.0,1,1
4418,43.0,4,1,3,3529,2,190.0,3,1
4419,26.0,9,2,3,75,2,351.0,1,1
4420,45.0,9,1,2,999,2,215.0,6,1
4421,30.0,4,2,3,7845,2,59.0,1,1
4422,37.0,7,3,1,260,2,446.0,2,1
4423,45.0,4,2,3,2048,2,310.0,1,2
4424,34.0,4,1,3,1557,2,213.0,1,1
4425,35.0,7,1,2,505,2,371.0,2,1
4426,41.0,0,1,3,1536,1,54.0,2,1
4427,42.0,6,1,3,0,1,118.0,6,1
4428,48.0,1,1,4,439,2,212.0,1,1
4429,45.0,11,1,1,44,1,81.0,1,1
4430,47.0,4,1,3,295,2,157.0,1,1
4431,37.0,1,1,1,190,2,194.0,1,1
4432,32.0,4,1,2,3935,2,129.0,2,1
4433,40.0,4,1,3,-17,2,474.0,1,2
4434,35.0,9,2,2,175,2,219.0,1,1
4435,31.0,9,2,2,4888,2,475.0,4,1
4436,36.0,9,2,3,40,1,359.0,3,1
4437,44.0,4,1,3,4460,1,168.0,2,1
4438,52.0,0,3,2,98,1,148.0,1,1
4439,28.0,8,2,2,330,1,197.0,1,1
4440,45.0,1,1,1,13117,1,42.0,2,1
4441,38.0,4,1,3,12877,1,118.0,3,1
4442,39.0,1,1,1,1506,2,299.0,2,1
4443,28.0,4,2,3,0,1,198.0,2,1
4444,31.0,9,2,2,775,1,361.0,1,1
4445,46.0,1,1,1,258,2,217.0,1,1
4446,22.0,8,2,2,246,2,25.0,1,1
4447,49.0,1,2,1,2146,2,1516.0,2,2
4448,44.0,10,1,2,304,2,129.0,2,1
4449,31.0,6,2,2,360,2,592.0,4,1
4450,53.0,1,1,1,3316,2,331.0,6,1
4451,55.0,4,1,3,6880,1,353.0,2,1
4452,35.0,9,1,2,2189,1,256.0,3,1
4453,35.0,1,1,2,5304,2,340.0,1,1
4454,37.0,4,2,3,102,2,101.0,2,1
4455,50.0,1,1,2,181,2,599.0,2,1
4456,37.0,4,1,1,3953,2,610.0,2,1
4457,37.0,1,2,1,6969,2,412.0,1,1
4458,29.0,4,2,3,572,1,314.0,1,2
4459,31.0,0,2,2,223,2,508.0,1,1
4460,40.0,9,1,2,-396,2,127.0,1,1
4461,47.0,7,3,2,164,1,212.0,1,1
4462,55.0,6,1,2,2678,1,151.0,12,1
4463,33.0,9,2,2,920,2,58.0,1,1
4464,53.0,7,3,2,4554,1,8.0,6,1
4465,38.0,4,2,3,623,1,297.0,4,2
4466,61.0,4,1,2,967,1,180.0,1,1
4467,43.0,10,3,2,1577,2,87.0,1,1
4468,42.0,3,1,1,1,2,59.0,5,1
4469,36.0,4,3,3,0,1,81.0,4,1
4470,31.0,9,2,3,1166,2,207.0,1,1
4471,59.0,4,1,4,3534,1,216.0,4,1
4472,29.0,1,1,1,200,2,322.0,2,1
4473,33.0,9,1,2,4790,2,137.0,1,1
4474,44.0,1,1,1,-237,2,73.0,1,1
4475,43.0,1,1,2,1335,2,371.0,2,1
4476,42.0,4,1,3,603,2,298.0,5,1
4477,32.0,4,2,3,577,1,101.0,2,1
4478,43.0,4,1,3,0,2,110.0,1,1
4479,39.0,0,2,2,163,2,107.0,2,1
4480,23.0,1,1,1,1158,2,743.0,1,1
4481,43.0,7,1,2,642,1,644.0,2,1
4482,46.0,0,1,2,466,2,169.0,1,1
4483,31.0,9,1,2,119,2,380.0,1,1
4484,38.0,4,1,3,3436,1,663.0,4,2
4485,53.0,1,1,1,238,2,238.0,2,1
4486,37.0,1,1,1,378,2,514.0,1,1
4487,49.0,2,3,2,32,1,128.0,1,1
4488,31.0,10,2,2,315,1,130.0,1,1
4489,45.0,4,1,3,6945,1,131.0,5,1
4490,58.0,0,1,2,3496,2,111.0,4,1
4491,35.0,1,2,2,0,2,169.0,1,1
4492,32.0,9,2,2,309,2,346.0,1,1
4493,28.0,9,2,3,0,2,205.0,6,1
4494,26.0,9,2,2,668,2,576.0,3,2
4496,30.0,1,2,2,363,1,171.0,3,1
4497,31.0,2,2,3,38,1,185.0,2,1
4498,31.0,4,1,3,1183,2,676.0,6,1
4499,45.0,1,3,1,942,1,362.0,1,1
4500,38.0,0,1,2,4196,2,193.0,2,1
4502,42.0,7,1,2,-91,2,43.0,1,1
4503,60.0,6,1,1,362,1,816.0,6,2
4504,42.0,1,2,2,1080,2,951.0,3,2
4505,32.0,0,2,2,620,2,1234.0,3,2
4506,410.0,10,3,3,-166,1,85.0,4,1
4507,33.0,7,1,2,288,2,306.0,1,1
4508,42.0,0,1,4,642,2,509.0,2,1
4509,51.0,9,1,3,2506,1,210.0,3,1
4510,36.0,9,3,2,566,2,129.0,2,1
4511,46.0,1,1,2,668,2,1263.0,2,2
4512,40.0,1,1,2,1100,2,660.0,2,1
4513,49.0,1,1,2,322,1,356.0,2,1
4514,38.0,1,1,2,1205,2,45.0,4,1
4515,32.0,7,2,2,473,2,624.0,5,1
4516,99.0,7,1,2,-333,2,329.0,5,1
4517,57.0,6,1,3,-3313,2,-153.0,1,1
4518,57.0,9,1,2,295,1,151.0,11,1
4519,28.0,1,1,2,1137,1,129.0,4,1
4520,44.0,2,2,3,1136,2,345.0,2,1
